id	title_zh	year	developer	publisher_tw	loc	platform	chiuinan_url
cdg-0345	五子棋	1988	第三波		native	DOS	https://chiuinan.github.io/game/game/intro/ch/c41/five.htm
cdg-0611	民主遊戲	1988	李天啟		native	DOS	https://chiuinan.github.io/game/game/intro/ch/c41/taiwan.htm
cdg-3456	華容道	1988	李天啟		native	DOS	https://chiuinan.github.io/game/game/intro/ch/c44/wst3.htm
cdg-1536	風雲麻將	1989	大宇		native	DOS	https://chiuinan.github.io/game/game/intro/ch/c42/fymj.htm
cdg-3774	魔術拼圖	1989	大宇		native	DOS	https://chiuinan.github.io/game/game/intro/ch/c44/domo.htm
cdg-2205	超級天九	1990	船塢資訊	資訊週刊	native	DOS	https://chiuinan.github.io/game/game/intro/ch/c44/add9.htm
cdg-2453	智商180	1990	第三波		native	DOS	https://chiuinan.github.io/game/game/intro/ch/c44/iq180.htm
cdg-3353	賽跑棋	1990	船塢資訊		native	DOS	https://chiuinan.github.io/game/game/intro/ch/c41/run.htm
cdg-1037	四玲瓏	1992	尋夢園		native	DOS	https://chiuinan.github.io/game/game/intro/ch/c41/4LL.htm
cdg-2592	邪神傳說	1992	智冠		native	DOS	https://chiuinan.github.io/game/game/intro/ch/c12/evilgod.htm
cdg-1118	帝國的光榮2：帝國大反擊	1993	萊茵工作室	資策科技	native	DOS	https://chiuinan.github.io/game/game/intro/ch/c32/rs702.htm
cdg-1866	福爾摩斯探案：開膛手傑克	1993	Mythos	智冠	localized	DOS	https://chiuinan.github.io/game/game/intro/ch/c21/holmes.htm
cdg-3400	戰神2	1993	SSG	智冠	localized	DOS	https://chiuinan.github.io/game/game/intro/ch/c32/warlord2.htm
cdg-0318	中英文輸入練習高手速成	1994	星僑		native	DOS	https://chiuinan.github.io/game/game/intro/ch/c44/ncc4.htm
cdg-0485	太子降魔傳	1994	唐山		native	DOS	https://chiuinan.github.io/game/game/intro/ch/c21/tzxmz.htm
cdg-0727	正宗四川省麻將	1994	九藝		native	Win3.1、WinXP	https://chiuinan.github.io/game/game/intro/ch/c42/4rw.htm
cdg-1070	女媧補天：全家福篇	1994	第三波		native	Windows	https://chiuinan.github.io/game/game/intro/ch/c44/nuwa.htm
cdg-1559	人面蛾	1994	漢堂		native	DOS	https://chiuinan.github.io/game/game/intro/ch/c22/moth.htm
cdg-1655	倉頡輸入法	1994	第三波		native	DOS	https://chiuinan.github.io/game/game/intro/ch/c44/cai.htm
cdg-1858	神鷹突擊隊	1994	金盤電子		native	Win3.1、WinXP	https://chiuinan.github.io/game/game/intro/ch/c32/magiceag.htm
cdg-1906	殺人月	1994	Access	智冠	localized	DOS	https://chiuinan.github.io/game/game/intro/ch/c21/killmoon.htm
cdg-3584	鋼鐵天空下	1994	Revolution	第三波	localized	DOS	https://chiuinan.github.io/game/game/intro/ch/c21/bass.htm
cdg-0517	小小馬蓋先	1995	草莓軟體	熊貓	native	Win3.1、WinXP	https://chiuinan.github.io/game/game/intro/ch/c21/new_hart.htm
cdg-0559	巧克力	1995	金盤電子		native	Win3.1、WinXP	https://chiuinan.github.io/game/game/intro/ch/c44/chocabc.htm
cdg-0904	古堡探險	1995	育腦發展		native	Win3.1、WinXP	https://chiuinan.github.io/game/game/intro/ch/c21/grackon.htm
cdg-1675	先知的魔寶石	1995	ELOI	邁點	localized	Win3.1、WinXP	https://chiuinan.github.io/game/game/intro/ch/c21/jewels.htm
cdg-2095	絕地任務	1995	Legend	智冠	localized	Windows	https://chiuinan.github.io/game/game/intro/ch/c21/missionc.htm
cdg-2262	黎明之砧	1995	DreamForge	智冠	localized	DOS	https://chiuinan.github.io/game/game/intro/ch/c12/anvil.htm
cdg-3182	模擬大樓	1995	ArtDink	第三波	localized	DOS	https://chiuinan.github.io/game/game/intro/ch/c33/simtower.htm
cdg-3263	炎黃戰蚩尤	1995	第三波	宏碁	native	Win3.1	https://chiuinan.github.io/game/game/intro/ch/c44/ylep.htm
cdg-3292	無限飛行1	1995	LookingGlass	松崗	localized	DOS	https://chiuinan.github.io/game/game/intro/ch/c33/flight.htm
cdg-3336	記憶拍檔：蔬果篇	1995	第三波		native	DOS	https://chiuinan.github.io/game/game/intro/ch/c44/remf.htm
cdg-3586	鋼鐵意志	1995	Rainmaker		localized	DOS	https://chiuinan.github.io/game/game/intro/ch/c32/wos.htm
cdg-3652	鬼屋魔影3	1995	Infogrames	智冠	localized	DOS	https://chiuinan.github.io/game/game/intro/ch/c21/indark3.htm
cdg-3751	魔獸爭霸2：黑暗浪潮	1995	Blizzard		localized	DOS	https://chiuinan.github.io/game/game/intro/ch/c32/warc2.htm
cdg-0074	FinFin海豚鳥	1996	富士通	展筠	native	Windows	https://chiuinan.github.io/game/game/intro/ch/c33/finfin.htm
cdg-0313	中國象棋大師	1996	愛嘉		native	Win3.1	https://chiuinan.github.io/game/game/intro/ch/c41/cchess.htm
cdg-0391	大戰略5	1996	SystemSoft	第三波	localized	Win3.1、Win9x	https://chiuinan.github.io/game/game/intro/ch/c32/ds5.htm
cdg-0451	天使集中營	1996	Piston	幸福鴨	localized	Win3.1、WinXP	https://chiuinan.github.io/game/game/intro/ch/c21/orgaslav.htm
cdg-0475	天神傳說	1996	泰騰		native	DOS	https://chiuinan.github.io/game/game/intro/ch/c44/mt.htm
cdg-0554	工人物語2	1996	Blue Byte	華義	localized	DOS	https://chiuinan.github.io/game/game/intro/ch/c32/settler2.htm
cdg-0642	世界名畫欣賞	1996	頂尖拍檔		native	Win3.1、WinXP	https://chiuinan.github.io/game/game/intro/ch/c44/art.htm
cdg-0683	卡茲之翼：拜斯維爾戰記	1996	Humming Bird	歡樂盒	localized	Windows	https://chiuinan.github.io/game/game/intro/ch/c31/garzey.htm
cdg-0785	塔羅牌占卜	1996	頂尖拍檔	富峰群	native	Win3.1、WinXP	https://chiuinan.github.io/game/game/intro/ch/c44/tarot.htm
cdg-0894	西遊記：孫悟空	1996	新資訊科技		native	Windows	https://chiuinan.github.io/game/game/intro/ch/c44/pilgr.htm
cdg-0932	台北愛情故事	1996	頂尖拍檔		native	Windows	https://chiuinan.github.io/game/game/intro/ch/c33/loves.htm
cdg-1052	國產凌凌漆	1996	不明		native	Windows	https://chiuinan.github.io/game/game/intro/ch/c51/gc007.htm
cdg-1867	福爾摩斯探案2：玫瑰紋身案件	1996	Mythos		localized	DOS	https://chiuinan.github.io/game/game/intro/ch/c21/holmes2.htm
cdg-2065	終極動員令：紅色警戒1	1996	Westwood		localized	DOS	https://chiuinan.github.io/game/game/intro/ch/c32/ra1.htm
cdg-2270	黑暗之蠱2	1996	Cyberdreams	松崗	localized	Win3.1、WinXP	https://chiuinan.github.io/game/game/intro/ch/c21/darksed2.htm
cdg-2670	雷射超人1	1996	Ubisoft	聯科	localized	DOS	https://chiuinan.github.io/game/game/intro/ch/c52/rayman.htm
cdg-2839	蛇王之寶珠傳說	1996	捷鴻		native	DOS	https://chiuinan.github.io/game/game/intro/ch/c44/snake.htm
cdg-3027	手談	1996	豐海		native	DOS	https://chiuinan.github.io/game/game/intro/ch/c41/ht.htm
cdg-3085	林間學校	1996	Foster		localized	Win3.1、WinXP	https://chiuinan.github.io/game/game/intro/ch/c22/lixx.htm
cdg-3216	機械戰神	1996	Kinesoft	普威爾	localized	Windows	https://chiuinan.github.io/game/game/intro/ch/c51/zerodiv.htm
cdg-3289	無聲狂嘯	1996	Cyberdreams	松崗	localized	DOS	https://chiuinan.github.io/game/game/intro/ch/c21/scream.htm
cdg-3565	現代大戰略	1996	SystemSoft	大宇	localized	DOS	https://chiuinan.github.io/game/game/intro/ch/c32/ex.htm
cdg-3738	魔法門之英雄無敵2：王位爭奪戰	1996	New World Computing		localized	DOS	https://chiuinan.github.io/game/game/intro/ch/c32/homm2.htm
cdg-3816	龍劍客2：龍人之心	1996	Cryo	第三波	localized	DOS	https://chiuinan.github.io/game/game/intro/ch/c21/dlore2.htm
cdg-3817	龍召還娘1	1996	Gimmick House	歡樂盒	localized	DOS	https://chiuinan.github.io/game/game/intro/ch/c11/silk.htm
cdg-0160	七海爭霸	1997	Meridian'93	華義	localized	Windows	https://chiuinan.github.io/game/game/intro/ch/c32/admiral.htm
cdg-0204	三國之星海風雲	1997	Dong Seo Interactive	怡碩	localized	Windows	https://chiuinan.github.io/game/game/intro/ch/c32/3kd.htm
cdg-0228	三國志演義：官渡篇	1997	歡樂盒		native	Win9x	https://chiuinan.github.io/game/game/intro/ch/c32/guandu.htm
cdg-0429	大魔王物語	1997	勁一番	智冠	native	DOS	https://chiuinan.github.io/game/game/intro/ch/c31/bee.htm
cdg-0760	地城守護者1	1997	Bullfrog		localized	Windows	https://chiuinan.github.io/game/game/intro/ch/c32/keeper.htm
cdg-0812	寒武爭戰	1997	森雅	華義	native	DOS	https://chiuinan.github.io/game/game/intro/ch/c32/hwg.htm
cdg-1258	游素蘭的愛情處方箋	1997	頂尖拍檔	松崗	native	Win9x	https://chiuinan.github.io/game/game/intro/ch/c44/tarot2.htm
cdg-1286	亞特蘭提斯1：失落的傳說	1997	Cryo	第三波	localized	Windows	https://chiuinan.github.io/game/game/intro/ch/c21/atlant1.htm
cdg-1489	美猴王	1997	騰圖聯合電子		native	Windows	https://chiuinan.github.io/game/game/intro/ch/c11/mkking.htm
cdg-1498	音速小子3與納克魯斯	1997	Sonic		localized	Windows	https://chiuinan.github.io/game/game/intro/ch/c52/sonic3k.htm
cdg-1765	悅樂之學園	1997	C's ware	歡樂盒	localized	Windows	https://chiuinan.github.io/game/game/intro/ch/c22/school.htm
cdg-1841	神探傑克	1997	Toontraxx		localized	DOS	https://chiuinan.github.io/game/game/intro/ch/c21/jack.htm
cdg-1865	禁斷之血族2	1997	C's ware	歡樂盒	localized		https://chiuinan.github.io/game/game/intro/ch/c22/gloria2.htm
cdg-1926	生死之間1	1997	創意鷹翔	新意	native	Windows	https://chiuinan.github.io/game/game/intro/ch/c32/lod1.htm
cdg-1937	用多媒體學圍棋	1997	上海鵬達	創越	native	Win3.1、WinXP	https://chiuinan.github.io/game/game/intro/ch/c41/godoc.htm
cdg-1949	異星搜奇	1997	Lucas	松崗	localized	DOS	https://chiuinan.github.io/game/game/intro/ch/c21/dig.htm
cdg-1957	第六感之戀	1997	Gloria	歡樂盒	localized	DOS	https://chiuinan.github.io/game/game/intro/ch/c22/rev.htm
cdg-2032	德川家康	1997	Family Soft	彩虹高科技	localized	DOS	https://chiuinan.github.io/game/game/intro/ch/c32/dx5.htm
cdg-2071	終極戰士	1997	安峻	智冠	native	DOS	https://chiuinan.github.io/game/game/intro/ch/c51/mars3d.htm
cdg-2099	絕地風暴1	1997	Beam		localized	DOS	https://chiuinan.github.io/game/game/intro/ch/c32/kknd.htm
cdg-2256	黃金傳奇	1997	Cryo	第三波	localized	Windows	https://chiuinan.github.io/game/game/intro/ch/c21/treasure.htm
cdg-2421	星際爭霸戰：世代	1997	MicroProse		localized	Windows	https://chiuinan.github.io/game/game/intro/ch/c21/rites.htm
cdg-2451	時鐘塔	1997	Human		localized	Windows	https://chiuinan.github.io/game/game/intro/ch/c21/ct.htm
cdg-2456	暗棋三國志	1997	力藝		native	Windows	https://chiuinan.github.io/game/game/intro/ch/c41/chess3.htm
cdg-2460	暗棋總動員	1997	智冠		native	DOS	https://chiuinan.github.io/game/game/intro/ch/c41/piecez.htm
cdg-2710	霹靂小子	1997	Actual Entertainment	富爾特	localized	Windows	https://chiuinan.github.io/game/game/intro/ch/c52/gubble.htm
cdg-2922	銀翼殺手	1997	Westwood	新天地	localized	Windows	https://chiuinan.github.io/game/game/intro/ch/c21/bladerun.htm
cdg-2927	凡爾賽之宮廷疑雲	1997	Cryo	第三波	localized	DOS	https://chiuinan.github.io/game/game/intro/ch/c21/versaill.htm
cdg-2936	凶兆	1997	Take-Two	英特衛	localized	DOS	https://chiuinan.github.io/game/game/intro/ch/c21/ripper.htm
cdg-3036	拖拉機大賽	1997	世紀鼎點		native	Windows	https://chiuinan.github.io/game/game/intro/ch/c41/tractor.htm
cdg-3039	拱豬大賽	1997	世紀鼎點		native	Windows	https://chiuinan.github.io/game/game/intro/ch/c41/pigh.htm
cdg-3535	猴島小英雄3：猴島的詛咒	1997	Lucas	松崗	localized	Windows	https://chiuinan.github.io/game/game/intro/ch/c21/monkey3.htm
cdg-3599	鐵卒之網路象棋	1997	捷友		native	Win9x	https://chiuinan.github.io/game/game/intro/ch/c41/netchess.htm
cdg-3793	歡樂五子棋	1997	世紀鼎點		native	Windows	https://chiuinan.github.io/game/game/intro/ch/c41/hfive.htm
cdg-0203	三界諭2：真愛不死	1998	大點科技	第三波	native	Windows	https://chiuinan.github.io/game/game/intro/ch/c12/3k2.htm
cdg-0329	亂蝶	1998	FIX	歡樂盒	localized	Windows	https://chiuinan.github.io/game/game/intro/ch/c22/rantyo.htm
cdg-0348	五子棋：宇宙幻影	1998	金點		native	DOS	https://chiuinan.github.io/game/game/intro/ch/c41/wzq.htm
cdg-0397	大戰略：王者之師	1998	SystemSoft	第三波	localized	Windows	https://chiuinan.github.io/game/game/intro/ch/c32/dsmc.htm
cdg-0708	夜想曲：妖精們的敘情詩	1998	Jamie	富峰群	localized	Windows	https://chiuinan.github.io/game/game/intro/ch/c12/eryner.htm
cdg-0721	正宗中國暗棋之華容道	1998	普威爾		native	Windows	https://chiuinan.github.io/game/game/intro/ch/c44/road0616.htm
cdg-0722	正宗中國暗棋之西瓜棋	1998	普威爾		native	Windows	https://chiuinan.github.io/game/game/intro/ch/c41/wm0616.htm
cdg-0862	般若魔界	1998	昱泉	第三波	native	Windows	https://chiuinan.github.io/game/game/intro/ch/c52/yamaraja.htm
cdg-1097	巫師之怒2	1998	Nival	松崗	localized	Windows	https://chiuinan.github.io/game/game/intro/ch/c12/rom2.htm
cdg-1113	巾幗英雄花木蘭	1998	新資訊科技		native	Windows	https://chiuinan.github.io/game/game/intro/ch/c44/fmulan.htm
cdg-1248	海盜傳奇	1998	Tivola	翻新	localized	Windows	https://chiuinan.github.io/game/game/intro/ch/c21/max4.htm
cdg-1406	攻殼總司令	1998	彩意	智冠	native	Windows	https://chiuinan.github.io/game/game/intro/ch/c32/rc.htm
cdg-1486	美少女救援隊	1998	h.m.p	歡樂盒	localized	Windows	https://chiuinan.github.io/game/game/intro/ch/c32/warg.htm
cdg-1509	風暴	1998	Sailon		localized	Windows	https://chiuinan.github.io/game/game/intro/ch/c32/madrun.htm
cdg-1719	快打威龍	1998	鉅盛		native	Windows	https://chiuinan.github.io/game/game/intro/ch/c44/qdwl.htm
cdg-1927	生死之間2：末日傳說	1998	創意鷹翔	華義	native	Windows	https://chiuinan.github.io/game/game/intro/ch/c32/lod2.htm
cdg-1943	異塵餘生2	1998	Interplay Productions		localized	Windows	https://chiuinan.github.io/game/game/intro/ch/c31/fallout2.htm
cdg-1947	異形地球	1998	Beam Software		localized	Windows	https://chiuinan.github.io/game/game/intro/ch/c21/alien.htm
cdg-2006	麻將高手 連線挑戰賽	1998	向量科技		native	Windows	https://chiuinan.github.io/game/game/intro/ch/c42/mjkh.htm
cdg-2069	終極戰區1：戰爭地帶	1998	Activision	金仕達	localized	Windows	https://chiuinan.github.io/game/game/intro/ch/c32/bzone.htm
cdg-2088	組裝搖滾	1998	Attica	曉騰	localized	Windows	https://chiuinan.github.io/game/game/intro/ch/c33/popstar.htm
cdg-2093	絕命淒殺	1998	Warp		localized	Windows	https://chiuinan.github.io/game/game/intro/ch/c21/ezero.htm
cdg-2100	絕地風暴2：風起雲湧	1998	Beam		localized	Windows	https://chiuinan.github.io/game/game/intro/ch/c32/kknd2.htm
cdg-2117	網戰俄羅斯	1998	光譜	光譜	native	Windows	https://chiuinan.github.io/game/game/intro/ch/c44/netris.htm
cdg-2139	象棋兵法1：單提馬篇	1998	晟業		native	Windows	https://chiuinan.github.io/game/game/intro/ch/c41/cch1.htm
cdg-2140	象棋兵法2：反攻馬篇	1998	晟業	智冠	native	Windows	https://chiuinan.github.io/game/game/intro/ch/c41/cch2.htm
cdg-2258	黃金島	1998	Jamie	富峰群/智冠	localized	Windows	https://chiuinan.github.io/game/game/intro/ch/c21/goldruin.htm
cdg-2432	星際爭霸戰：遊戲秀	1998	Sound Source		localized	Windows	https://chiuinan.github.io/game/game/intro/ch/c21/rites.htm
cdg-2457	暗棋大師	1998	光譜		native	Windows	https://chiuinan.github.io/game/game/intro/ch/c41/chess.htm
cdg-2560	迷霧之島2	1998	Cyan	憶弘	localized	Windows	https://chiuinan.github.io/game/game/intro/ch/c21/myst2.htm
cdg-2848	蠟筆小新	1998	廣藝		native	Win3.1、WinXP	https://chiuinan.github.io/game/game/intro/ch/c44/shin2.htm
cdg-2931	凱撒大帝3	1998	Impressions	第三波	localized	Windows	https://chiuinan.github.io/game/game/intro/ch/c33/caesar3.htm
cdg-2983	創龍傳	1998	Makkoya	梵太師	localized	Windows	https://chiuinan.github.io/game/game/intro/ch/c31/harmonia.htm
cdg-2999	加菲貓	1998	草莓軟體		native	Windows	https://chiuinan.github.io/game/game/intro/ch/c44/catiq.htm
cdg-3080	東方傳記	1998	安峻		native	Windows	https://chiuinan.github.io/game/game/intro/ch/c52/eastern.htm
cdg-3086	柏德之門1	1998	BioWare	英特衛	localized	Windows	https://chiuinan.github.io/game/game/intro/ch/c12/bg1.htm
cdg-3117	極樂大進擊	1998	美夢成真		native	DOS	https://chiuinan.github.io/game/game/intro/ch/c44/balls.htm
cdg-3207	模擬飛航	1998	AQUA	俊伸	localized	Windows	https://chiuinan.github.io/game/game/intro/ch/c33/jetstrm.htm
cdg-3325	爆爆急急豆	1998	福茂,友尚		native	Windows	https://chiuinan.github.io/game/game/intro/ch/c52/seedgame.htm
cdg-3351	賭神2000	1998	博亞		native	Windows	https://chiuinan.github.io/game/game/intro/ch/c44/log2000.htm
cdg-3362	孔明棋	1998	普威爾		native	Windows	https://chiuinan.github.io/game/game/intro/ch/c41/kmq.htm
cdg-3419	芭比新潮美髮師	1998	Mattel	草莓軟體	localized	Windows	https://chiuinan.github.io/game/game/intro/ch/c33/bbmhs.htm
cdg-3577	羅德島戰記：灰色魔女	1998	Humming Bird	歡樂盒	localized	Windows	https://chiuinan.github.io/game/game/intro/ch/c31/rlw1.htm
cdg-3602	鐵甲英豪	1998	Family Production		localized	Windows	https://chiuinan.github.io/game/game/intro/ch/c31/silverm.htm
cdg-3779	魔鬼戰將1	1998	Eidos		localized	Win9x	https://chiuinan.github.io/game/game/intro/ch/c32/cmdos.htm
cdg-3795	歡樂大航海	1998	立體派		native	Windows	https://chiuinan.github.io/game/game/intro/ch/c43/sailing.htm
cdg-0172	公主戰記	1999	AIC	華義	localized	Windows	https://chiuinan.github.io/game/game/intro/ch/c11/pqr.htm
cdg-0285	上海2000	1999	光譜		native	Windows	https://chiuinan.github.io/game/game/intro/ch/c42/sh2000.htm
cdg-0330	事務女郎2	1999	h.m.p	歡樂盒	localized	Windows	https://chiuinan.github.io/game/game/intro/ch/c33/soumu2.htm
cdg-0347	五子棋大師2	1999	光譜		native	Windows	https://chiuinan.github.io/game/game/intro/ch/c41/ms52.htm
cdg-0669	世紀戰略	1999	北京逆火		native	Windows	https://chiuinan.github.io/game/game/intro/ch/c32/tgs.htm
cdg-0853	致命連鎖	1999	亞克米	智冠	native	Windows	https://chiuinan.github.io/game/game/intro/ch/c51/ccfight.htm
cdg-0882	裝甲元帥3	1999	SSI	第3波	localized	Windows	https://chiuinan.github.io/game/game/intro/ch/c32/pg3d.htm
cdg-0982	吸血鬼德古拉1：魔體復活	1999	Index+	大宇	localized	Windows	https://chiuinan.github.io/game/game/intro/ch/c21/dracur.htm
cdg-0988	咕嚕一族	1999	Monolith	松崗	localized	Windows	https://chiuinan.github.io/game/game/intro/ch/c32/gruntz.htm
cdg-1115	帝國主義2：拓荒時代	1999	Frog City		localized	Windows	https://chiuinan.github.io/game/game/intro/ch/c32/imperia2.htm
cdg-1137	江湖後傳	1999	金智塔		native	Windows	https://chiuinan.github.io/game/game/intro/ch/c11/jhhz.htm
cdg-1151	決戰大老二	1999	耀和		native	Win3.1、WinXP	https://chiuinan.github.io/game/game/intro/ch/c41/jzbig2.htm
cdg-1287	亞特蘭提斯2：超越亞特蘭提斯	1999	Cryo	第三波	localized	Windows	https://chiuinan.github.io/game/game/intro/ch/c21/atlant2.htm
cdg-1348	阿歷的歡樂牧場	1999	Ubisoft		localized	Windows	https://chiuinan.github.io/game/game/intro/ch/c52/alex.htm
cdg-1370	青澀寶貝：星座戀愛物語	1999	NEC Interchannel	協和	localized	Windows	https://chiuinan.github.io/game/game/intro/ch/c22/sgw1.htm
cdg-1563	仕魂	1999	Hanbit	華彩	localized	Windows	https://chiuinan.github.io/game/game/intro/ch/c12/tahl.htm
cdg-1623	俠客遊：前途道標	1999	Artdink	第三波	localized	Windows	https://chiuinan.github.io/game/game/intro/ch/c12/ld95.htm
cdg-1817	真侍魂	1999	Kinesoft	普威爾	localized	Windows	https://chiuinan.github.io/game/game/intro/ch/c51/samurai2.htm
cdg-1935	用多媒體學國際象棋	1999	上海鵬達		native	Win3.1、WinXP	https://chiuinan.github.io/game/game/intro/ch/c41/lchess.htm
cdg-1941	異域鎮魂曲	1999	Interplay Productions		localized	Windows	https://chiuinan.github.io/game/game/intro/ch/c12/pst.htm
cdg-1979	鹹蛋超人	1999	新未來	立德	native	Windows	https://chiuinan.github.io/game/game/intro/ch/c44/ultrak.htm
cdg-2007	麻辣四川省4	1999	大點科技	第三波	native	Windows	https://chiuinan.github.io/game/game/intro/ch/c42/4r4c.htm
cdg-2141	象棋兵法3：順炮篇	1999	晟業	智冠	native	Windows	https://chiuinan.github.io/game/game/intro/ch/c41/cch3.htm
cdg-2142	象棋兵法4：列炮篇	1999	晟業	智冠	native	Windows	https://chiuinan.github.io/game/game/intro/ch/c41/cch4.htm
cdg-2185	超級俄羅斯	1999	新造科技		native	Windows	https://chiuinan.github.io/game/game/intro/ch/c44/ntetris.htm
cdg-2292	教育實習：女子校生慾望之激狂	1999	Tetratech	歡樂盒	localized	Windows	https://chiuinan.github.io/game/game/intro/ch/c22/maniax2.htm
cdg-2325	新同居時代	1999	SoftAction	怡碩	localized	Windows	https://chiuinan.github.io/game/game/intro/ch/c33/forever.htm
cdg-2355	新英雄傳說3：白髮魔女	1999	Falcom	協和	localized	Windows	https://chiuinan.github.io/game/game/intro/ch/c12/ed3_win.htm
cdg-2406	星海風暴	1999	JoyMax		localized	Windows	https://chiuinan.github.io/game/game/intro/ch/c32/finalody.htm
cdg-2776	瘋狂主題樂園	1999	Bullfrog		localized	Windows	https://chiuinan.github.io/game/game/intro/ch/c33/tp.htm
cdg-3101	棋牌大師之圍棋	1999	威孚		native	Windows	https://chiuinan.github.io/game/game/intro/ch/c41/gos.htm
cdg-3105	森林野趣	1999	BBC	協和	localized	Win9x	https://chiuinan.github.io/game/game/intro/ch/c21/aofw.htm
cdg-3218	機甲戰士	1999	I'll Soft	旭力亞	localized	Windows	https://chiuinan.github.io/game/game/intro/ch/c52/hamos.htm
cdg-3255	火箭寶貝	1999	蕃茄	智冠	native	Windows	https://chiuinan.github.io/game/game/intro/ch/c52/hjbb.htm
cdg-3286	無敵中國象棋	1999	新造科技		native	Windows	https://chiuinan.github.io/game/game/intro/ch/c41/mj8chess.htm
cdg-3287	無盡的旅程1	1999	Funcom	松崗	localized	Windows	https://chiuinan.github.io/game/game/intro/ch/c21/tlj.htm
cdg-3346	賭博電玩大合集：賭船號	1999	鉅盛	秀橋	native	Windows	https://chiuinan.github.io/game/game/intro/ch/c44/casi2000.htm
cdg-3367	學園退魔傳玲子2	1999	Trush	歡樂盒	localized	Windows	https://chiuinan.github.io/game/game/intro/ch/c22/reiko2.htm
cdg-3369	孿生物語	1999	富士通	第三波	localized	Windows	https://chiuinan.github.io/game/game/intro/ch/c33/twins.htm
cdg-3447	英雄本色：帝國霸業	1999	KSS	智冠	localized	Win3.1、WinXP	https://chiuinan.github.io/game/game/intro/ch/c32/wn.htm
cdg-3505	特勤機甲隊2高級版：前進戰場	1999	工畫堂	華義	localized	Windows	https://chiuinan.github.io/game/game/intro/ch/c31/pds2a.htm
cdg-3530	狩魔獵人3：血咒疑雲	1999	Sierra On-Line		localized	Windows	https://chiuinan.github.io/game/game/intro/ch/c21/gk3.htm
cdg-3571	罪3	1999	h.m.p	歡樂盒	localized	Win9x	https://chiuinan.github.io/game/game/intro/ch/c33/mako.htm
cdg-3621	馬場大亨2000	1999	旭力亞		native	Windows	https://chiuinan.github.io/game/game/intro/ch/c33/race2000.htm
cdg-3629	驚爆四川麻將	1999	新造科技		native	Windows	https://chiuinan.github.io/game/game/intro/ch/c42/scnew4r.htm
cdg-3710	魔法公主	1999	美夢成真		native	Windows	https://chiuinan.github.io/game/game/intro/ch/c33/alice.htm
cdg-3783	魔鬼戰將	1999	Eidos		localized	Win9x	https://chiuinan.github.io/game/game/intro/ch/c32/cmdos_mp.htm
cdg-3804	歡樂綜藝王	1999	岡業		native	Windows	https://chiuinan.github.io/game/game/intro/ch/c44/playking.htm
cdg-3818	龍召還娘2	1999	Gimmick House	歡樂盒	localized	DOS	https://chiuinan.github.io/game/game/intro/ch/c11/silk2.htm
cdg-0075	Fool Panda歷險記	2000	旭力亞		native	Windows	https://chiuinan.github.io/game/game/intro/ch/c44/fpanda.htm
cdg-0258	三國風雲2	2000	華義		native	Windows	https://chiuinan.github.io/game/game/intro/ch/c32/sangofy2.htm
cdg-0352	大唐三藏	2000	三馳	金智塔	native	Windows	https://chiuinan.github.io/game/game/intro/ch/c11/tang.htm
cdg-0415	大航海家2	2000	Ascaron	光譜	localized	Windows	https://chiuinan.github.io/game/game/intro/ch/c33/p2.htm
cdg-0428	大魔域：白鳥傳說	2000	Microïds	協和	localized	Windows	https://chiuinan.github.io/game/game/intro/ch/c21/amerzone.htm
cdg-0477	天諭	2000	次方	皇統	native	Windows	https://chiuinan.github.io/game/game/intro/ch/c52/tanyu.htm
cdg-0617	水族小舖	2000	玩酷		native	Windows	https://chiuinan.github.io/game/game/intro/ch/c33/vfish.htm
cdg-0689	印加帝國	2000	Ubisoft		localized	Windows	https://chiuinan.github.io/game/game/intro/ch/c32/theocrcy.htm
cdg-0723	正宗中國象棋 棋王之王	2000	普威爾		native	Windows	https://chiuinan.github.io/game/game/intro/ch/c41/cchess11.htm
cdg-0768	地面控制1	2000	Massive		localized	Windows	https://chiuinan.github.io/game/game/intro/ch/c32/gc.htm
cdg-0774	坦克大決戰：橘子保衛戰	2000	遊戲橘子		native	Windows	https://chiuinan.github.io/game/game/intro/ch/c51/gamatank.htm
cdg-0778	城堡幻想曲3艾倫希亞戰記	2000	Studio e.go		localized	Windows	https://chiuinan.github.io/game/game/intro/ch/c31/cf3.htm
cdg-0780	城市百分百	2000	永世泰	華彩/智冠	native	Windows	https://chiuinan.github.io/game/game/intro/ch/c33/ud.htm
cdg-0856	舞光十射	2000	鈊象	華彩	native	Windows	https://chiuinan.github.io/game/game/intro/ch/c52/crazyd.htm
cdg-0881	裝甲元帥3：焦土作戰	2000	SSI	銀冠	localized	Windows	https://chiuinan.github.io/game/game/intro/ch/c32/pg3.htm
cdg-0895	西遊記：異世界大冒險	2000	三協資訊	華彩	native	Windows	https://chiuinan.github.io/game/game/intro/ch/c52/westplay.htm
cdg-0983	吸血鬼德古拉2：最後秘密	2000	Wanadoo	大宇	localized	Windows	https://chiuinan.github.io/game/game/intro/ch/c21/draculs.htm
cdg-1119	幕府將軍：全軍破敵	2000	Creative Assembly		localized	Windows	https://chiuinan.github.io/game/game/intro/ch/c32/shogun.htm
cdg-1139	汪達爾之心：失落的古文明	2000	Konami	智冠	localized	Windows	https://chiuinan.github.io/game/game/intro/ch/c31/vhearts.htm
cdg-1161	決戰總統府	2000	意念		native	Windows	https://chiuinan.github.io/game/game/intro/ch/c51/fpresid.htm
cdg-1185	法老	2000	Impressions	華彩	localized	Windows	https://chiuinan.github.io/game/game/intro/ch/c33/pharaoh.htm
cdg-1308	奧德賽：尋找尤利西斯	2000	Cryo	英特衛	localized	Windows	https://chiuinan.github.io/game/game/intro/ch/c21/odyssey.htm
cdg-1360	陸戰英豪之重回戰場	2000	榮欽		native	WinXP	https://chiuinan.github.io/game/game/intro/ch/c51/lzyh.htm
cdg-1585	伊卡斯特傳說2聖殿詩篇	2000	宏申	第三波	native	Windows	https://chiuinan.github.io/game/game/intro/ch/c31/icaston2.htm
cdg-1594	休妮亞傳說	2000	鑫盛資訊	歡樂盒	native	Windows	https://chiuinan.github.io/game/game/intro/ch/c43/monf2.htm
cdg-1621	俠客遊3	2000	Artdink	第三波	localized	Windows	https://chiuinan.github.io/game/game/intro/ch/c12/ld3.htm
cdg-1678	光榮與夢想	2000	火狐狸		native	Windows	https://chiuinan.github.io/game/game/intro/ch/c43/gad.htm
cdg-1697	冰風之谷1	2000	Interplay Productions		localized	Windows	https://chiuinan.github.io/game/game/intro/ch/c12/iwd1.htm
cdg-1704	封神榜之英雄無敵	2000	聯盟工作室		native	Windows	https://chiuinan.github.io/game/game/intro/ch/c32/msyx.htm
cdg-1710	導火線	2000	次方科技	智冠	native	Windows	https://chiuinan.github.io/game/game/intro/ch/c51/fuse.htm
cdg-1772	惡靈	2000	Mira Space	聖教士	localized	Windows	https://chiuinan.github.io/game/game/intro/ch/c21/zaphie.htm
cdg-2066	終極動員令：紅色警戒2	2000	Westwood		localized	Windows	https://chiuinan.github.io/game/game/intro/ch/c32/ra2.htm
cdg-2121	網路三國	2000	中華網龍	智冠	native	Windows	https://chiuinan.github.io/game/game/intro/ch/c12/sangonet.htm
cdg-2129	總統大選之雀戰風雲	2000	向量科技	皇統	native	Windows	https://chiuinan.github.io/game/game/intro/ch/c42/summitmj.htm
cdg-2143	象棋兵法5：屏風馬篇	2000	晟業	智冠	native	Windows	https://chiuinan.github.io/game/game/intro/ch/c41/cch5.htm
cdg-2192	超級台灣麻將	2000	新造科技		native	Windows	https://chiuinan.github.io/game/game/intro/ch/c42/stmj.htm
cdg-2216	超級比一比：絕色經典	2000	明日科技	智冠	native	Windows	https://chiuinan.github.io/game/game/intro/ch/c44/jsjd.htm
cdg-2247	趣味四川麻將	2000	奈德		native	Windows	https://chiuinan.github.io/game/game/intro/ch/c42/marjinq.htm
cdg-2252	跳棋小精靈	2000	智冠		native	Windows	https://chiuinan.github.io/game/game/intro/ch/c41/g99.htm
cdg-2257	黃金印象	2000	index+	松崗	localized	Windows	https://chiuinan.github.io/game/game/intro/ch/c21/monet.htm
cdg-2356	新英雄傳說4：朱紅之淚	2000	Falcom	新天地	localized	Windows	https://chiuinan.github.io/game/game/intro/ch/c11/ed4_win.htm
cdg-2446	時空戰士（Möbius Link REAL）	2000	I.MAGIC	協和	localized	Windows	https://chiuinan.github.io/game/game/intro/ch/c32/mobius.htm
cdg-2466	暗黑破壞神2	2000	Blizzard		localized	Windows	https://chiuinan.github.io/game/game/intro/ch/c12/diablo2.htm
cdg-2973	創世紀企業王國	2000	匯智	第三波	native	Windows	https://chiuinan.github.io/game/game/intro/ch/c33/etprise.htm
cdg-3054	搶救麥卡星	2000	Lexis Numerique	曉騰	localized	Windows	https://chiuinan.github.io/game/game/intro/ch/c21/mykropol.htm
cdg-3071	末日決戰	2000	潤民實業	智冠	native	Windows	https://chiuinan.github.io/game/game/intro/ch/c31/lostch.htm
cdg-3087	柏德之門2	2000	BioWare	英特衛	localized	Windows	https://chiuinan.github.io/game/game/intro/ch/c12/bg2.htm
cdg-3183	模擬市民1	2000	Maxis		localized	Windows	https://chiuinan.github.io/game/game/intro/ch/c33/thesims1.htm
cdg-3188	模擬捷運：交通巨人	2000	JoWooD	松崗	localized	Windows	https://chiuinan.github.io/game/game/intro/ch/c33/tgiant.htm
cdg-3211	橘子噗噗車	2000	遊戲橘子		native	Windows	https://chiuinan.github.io/game/game/intro/ch/c52/mbubucar.htm
cdg-3247	火星計畫	2000	工畫堂	協和	localized	Windows	https://chiuinan.github.io/game/game/intro/ch/c33/mars1.htm
cdg-3248	火星計畫2	2000	工畫堂	協和	localized	Windows	https://chiuinan.github.io/game/game/intro/ch/c33/mars2.htm
cdg-3272	烏鷺之三國英雄	2000	晟業		native	Windows	https://chiuinan.github.io/game/game/intro/ch/c41/wulu.htm
cdg-3298	煙火挑戰者	2000	魔法	華義	native	Win9x	https://chiuinan.github.io/game/game/intro/ch/c33/hanabi.htm
cdg-3340	謎之寵物	2000	猛獁世紀	主旗科技	native	Windows	https://chiuinan.github.io/game/game/intro/ch/c33/mopets.htm
cdg-3488	聲控麻將王	2000	光譜		native	Windows	https://chiuinan.github.io/game/game/intro/ch/c42/voicemj.htm
cdg-3501	爭戰天下	2000	Trigger	聖教士/華義	localized	Windows	https://chiuinan.github.io/game/game/intro/ch/c32/bushido.htm
cdg-3536	猴島小英雄4：逃離猴島	2000	Lucas		localized	Windows	https://chiuinan.github.io/game/game/intro/ch/c21/monkey4.htm
cdg-3562	玩玩總統	2000	甲尚	大宇	native	Win9x	https://chiuinan.github.io/game/game/intro/ch/c33/pa.htm
cdg-3569	瑪莉亞：假面人生	2000	Break	協和	localized	Windows	https://chiuinan.github.io/game/game/intro/ch/c22/maria.htm
cdg-3617	閻王令	2000	大點科技	第三波	native	Windows	https://chiuinan.github.io/game/game/intro/ch/c12/hk.htm
cdg-3718	魔法書之謎1	2000	Lexis Numerique	曉騰	localized	Win9x	https://chiuinan.github.io/game/game/intro/ch/c21/album.htm
cdg-3719	魔法書之謎2：地球大進擊	2000	Lexis Numerique	曉騰	localized	Windows	https://chiuinan.github.io/game/game/intro/ch/c21/voyage.htm
cdg-3733	魔法門8：毀天滅地	2000	New World Computing		localized	Windows	https://chiuinan.github.io/game/game/intro/ch/c12/mm8.htm
cdg-3744	魔法門英雄誌	2000	New World Computing	第三波	localized	Windows	https://chiuinan.github.io/game/game/intro/ch/c32/heroesch.htm
cdg-3759	魔界爭霸：惡靈軍	2000	L&K Logic	捷徑電腦	localized	Windows	https://chiuinan.github.io/game/game/intro/ch/c32/mirrorw.htm
cdg-3775	魔豆闖天關	2000	友尚	大宇	native	Windows	https://chiuinan.github.io/game/game/intro/ch/c52/modo.htm
cdg-3786	魔鬼英豪	2000	Cinematix	第三波	localized	Windows	https://chiuinan.github.io/game/game/intro/ch/c12/revenant.htm
cdg-0205	三國之星海風雲2	2001	Dong Seo Interactive	怡碩	native	Windows	https://chiuinan.github.io/game/game/intro/ch/c32/3kd2.htm
cdg-0284	上帝也抓狂3	2001	Bullfrog		localized	Windows	https://chiuinan.github.io/game/game/intro/ch/c33/pop3.htm
cdg-0438	天使之都	2001	玩酷小組	宏碁	native	Windows	https://chiuinan.github.io/game/game/intro/ch/c12/angelzd.htm
cdg-0551	山海經	2001	奧美		native	Windows	https://chiuinan.github.io/game/game/intro/ch/c12/shj.htm
cdg-0740	武林群俠傳	2001	智冠	智冠	native	Windows	https://chiuinan.github.io/game/game/intro/ch/c33/wulin.htm
cdg-0814	寫真麻將館	2001	冠捷		native	Windows	https://chiuinan.github.io/game/game/intro/ch/c42/xzmjg.htm
cdg-0819	成吉思汗：大漠英雄傳	2001	詮積		native	Windows	https://chiuinan.github.io/game/game/intro/ch/c32/herocg.htm
cdg-0823	百戰天蟲：世界大戰	2001	Team 17		localized	Windows	https://chiuinan.github.io/game/game/intro/ch/c32/wormswp.htm
cdg-0926	古靈精怪	2001	Eko	英特衛	localized	Windows	https://chiuinan.github.io/game/game/intro/ch/c21/gift.htm
cdg-0930	台北咖啡通	2001	美夢成真	明日工作室	native	Windows	https://chiuinan.github.io/game/game/intro/ch/c33/tct.htm
cdg-1059	圍棋傳說	2001	晟業		native	Windows	https://chiuinan.github.io/game/game/intro/ch/c41/golegend.htm
cdg-1116	帝國企業	2001	Infograms		localized	Windows	https://chiuinan.github.io/game/game/intro/ch/c33/monopoty.htm
cdg-1159	決戰滑鐵盧：拿破崙戰史	2001	BreakAway	上海育碧	localized	Windows	https://chiuinan.github.io/game/game/intro/ch/c32/waterloo.htm
cdg-1177	沙丘魔堡3000	2001	Westwood		localized	Windows	https://chiuinan.github.io/game/game/intro/ch/c32/dune3000.htm
cdg-1288	亞特蘭提斯3：新世界	2001	Cryo	第三波	localized	Windows	https://chiuinan.github.io/game/game/intro/ch/c21/atlant3.htm
cdg-1311	奧林匹亞橋賽2	2001	光譜		native	Windows	https://chiuinan.github.io/game/game/intro/ch/c41/bo2.htm
cdg-1312	奪寶奇謀	2001	4x	松崗	localized	Windows	https://chiuinan.github.io/game/game/intro/ch/c21/louvre.htm
cdg-1333	野蠻世紀之恐龍戰士	2001	捷友	智冠	native	Windows	https://chiuinan.github.io/game/game/intro/ch/c51/crazysh.htm
cdg-1371	青澀寶貝2	2001	NEC Interchannel	協和	localized	Windows	https://chiuinan.github.io/game/game/intro/ch/c22/sgw2.htm
cdg-1384	勇者急先鋒	2001	捷思特		native	Windows	https://chiuinan.github.io/game/game/intro/ch/c52/bravef.htm
cdg-1396	動物園大亨1	2001	Blue Fang		localized	Windows	https://chiuinan.github.io/game/game/intro/ch/c33/zootyn1.htm
cdg-1492	美麗新國度2	2001	JoWooD	第三波	localized	Windows	https://chiuinan.github.io/game/game/intro/ch/c32/an2.htm
cdg-1622	俠客遊4	2001	Artdink	第三波	localized	Windows	https://chiuinan.github.io/game/game/intro/ch/c12/ld4.htm
cdg-1735	怒海激戰：戰艦指揮官	2001	MicroCabin	大宇	localized	Windows	https://chiuinan.github.io/game/game/intro/ch/c32/gnt.htm
cdg-1898	引魂者	2001	Gremlin	英特衛	localized	Windows	https://chiuinan.github.io/game/game/intro/ch/c12/soulbrin.htm
cdg-1910	殺無赦3：狼世紀	2001	MumboJumbo	大宇	localized	Windows	https://chiuinan.github.io/game/game/intro/ch/c32/myth3.htm
cdg-1945	異塵餘生戰略版	2001	Micro Forté	英特衛	localized	Windows	https://chiuinan.github.io/game/game/intro/ch/c32/falloutt.htm
cdg-1964	雀美眉寫真館：真人辣妹版	2001	詮積		native	Windows	https://chiuinan.github.io/game/game/intro/ch/c42/lmmj.htm
cdg-2295	敵對水域	2001	Rage		localized	Windows	https://chiuinan.github.io/game/game/intro/ch/c32/hostilew.htm
cdg-2310	文明帝國：權傾天下2	2001	Activision	第三波	localized	Windows	https://chiuinan.github.io/game/game/intro/ch/c33/ctp2.htm
cdg-2452	時間機器	2001	Cryo	英特衛	localized	Windows	https://chiuinan.github.io/game/game/intro/ch/c21/timeq.htm
cdg-2561	迷霧之島3	2001	Presto		localized	Windows	https://chiuinan.github.io/game/game/intro/ch/c21/myst3.htm
cdg-2773	痞子冠軍秀	2001	白金家族	大宇	native	Windows	https://chiuinan.github.io/game/game/intro/ch/c51/hooligan.htm
cdg-2797	瘋狂空間王	2001	光譜		native	Windows	https://chiuinan.github.io/game/game/intro/ch/c33/cd.htm
cdg-2849	蠟筆小新2	2001	Siria	協倫	localized	Windows	https://chiuinan.github.io/game/game/intro/ch/c52/jjangu.htm
cdg-3171	模擬主題樂園	2001	Bullfrog		localized	Windows	https://chiuinan.github.io/game/game/intro/ch/c33/scoaster.htm
cdg-3189	模擬星城	2001	Mucky Foot	第三波	localized	Windows	https://chiuinan.github.io/game/game/intro/ch/c33/startop.htm
cdg-3297	煉獄刀鋒	2001	Rebel	松崗/天人	localized	Windows	https://chiuinan.github.io/game/game/intro/ch/c21/severanc.htm
cdg-3318	熾炎傳說	2001	宏申	智冠	native	Windows	https://chiuinan.github.io/game/game/intro/ch/c31/finalwar.htm
cdg-3335	記憶大王	2001	明日科技	智冠	native	Windows	https://chiuinan.github.io/game/game/intro/ch/c44/memking.htm
cdg-3403	戰神：狂神天威	2001	SSG	第三波	localized	Windows	https://chiuinan.github.io/game/game/intro/ch/c32/wbc1.htm
cdg-3449	英雄聖戰2	2001	美夢成真	第三波	native	Windows	https://chiuinan.github.io/game/game/intro/ch/c32/g11.htm
cdg-3472	蓋亞大地傳說	2001	酷一科技	大宇	native	Windows	https://chiuinan.github.io/game/game/intro/ch/c31/gaya.htm
cdg-3583	鋼彈司令2	2001	FASA		localized	Windows	https://chiuinan.github.io/game/game/intro/ch/c32/mc2.htm
cdg-3647	鬥魚日記	2001	全景軟體		native	Windows	https://chiuinan.github.io/game/game/intro/ch/c33/betta.htm
cdg-3653	鬼屋魔影4：夢魘重返	2001	Darkworks	新天地	localized	Windows	https://chiuinan.github.io/game/game/intro/ch/c21/indark4.htm
cdg-3658	鬼計神偷	2001	neo	英特衛	localized	Windows	https://chiuinan.github.io/game/game/intro/ch/c21/sting.htm
cdg-3680	魔域爭霸	2001	JoyMax	捷友	localized	Windows	https://chiuinan.github.io/game/game/intro/ch/c32/atrox.htm
cdg-3712	魔法哈利	2001	番茄電腦	智冠	native	Windows	https://chiuinan.github.io/game/game/intro/ch/c52/magichen.htm
cdg-3780	魔鬼戰將2	2001	Eidos	第三波	localized	Windows	https://chiuinan.github.io/game/game/intro/ch/c32/cmdos2.htm
cdg-3820	龍戰士3	2001	Capcom	大新/第三波	localized	Windows	https://chiuinan.github.io/game/game/intro/ch/c11/bof3.htm
cdg-0208	三國封神	2002	樂陞	遊戲精靈	native	WinXP	https://chiuinan.github.io/game/game/intro/ch/c41/soc.htm
cdg-0252	三國趙雲傳	2002	第三波		native	Windows	https://chiuinan.github.io/game/game/intro/ch/c12/sgzyz.htm
cdg-0327	亂世梟雄	2002	大新	第三波	native	Windows	https://chiuinan.github.io/game/game/intro/ch/c32/lzxx.htm
cdg-0416	大航海家3	2002	Ascaron	光譜	localized	Windows	https://chiuinan.github.io/game/game/intro/ch/c33/p3.htm
cdg-0921	古文明時代	2002	Strategy First	光譜	localized	Windows	https://chiuinan.github.io/game/game/intro/ch/c32/legion.htm
cdg-0934	台灣十六張麻將單機版	2002	互網國際	元古	native	Windows	https://chiuinan.github.io/game/game/intro/ch/c42/mjsolo.htm
cdg-1002	哥薩克：征服與榮耀	2002	GSC	大宇	localized	Windows	https://chiuinan.github.io/game/game/intro/ch/c32/dmcr.htm
cdg-1031	四川省3000	2002	光譜		native	WinXP	https://chiuinan.github.io/game/game/intro/ch/c42/s3000.htm
cdg-1418	皇帝：中國的崛起	2002	Sierra On-Line	松崗	localized	Windows	https://chiuinan.github.io/game/game/intro/ch/c33/ermk.htm
cdg-1581	企業霸主2	2002	JoWooD	松崗	localized	Windows	https://chiuinan.github.io/game/game/intro/ch/c33/ig2.htm
cdg-1625	俠客遊：第三之書	2002	Artdink	第三波/美商藝電	localized	Windows	https://chiuinan.github.io/game/game/intro/ch/c12/lde3.htm
cdg-1680	光芒之池：迷斯卓諾遺跡	2002	Stormfront	第三波	localized	WinXP	https://chiuinan.github.io/game/game/intro/ch/c12/por.htm
cdg-1693	冒牌大英雄	2002	捷友		native	Windows	https://chiuinan.github.io/game/game/intro/ch/c43/fakehero.htm
cdg-1695	冒險奇譚2	2002	Game Arts	松崗	localized	Windows	https://chiuinan.github.io/game/game/intro/ch/c11/grandia2.htm
cdg-1698	冰風之谷2	2002	Interplay Productions		localized	Windows	https://chiuinan.github.io/game/game/intro/ch/c12/iwd2.htm
cdg-1895	輪迴	2002	寰訊		native	WinXP	https://chiuinan.github.io/game/game/intro/ch/c52/unknown.htm
cdg-1954	第一次的親密接觸	2002	火鳳凰	智冠	native	Windows	https://chiuinan.github.io/game/game/intro/ch/c22/first.htm
cdg-1955	第七封印：魔神甦醒	2002	智冠		native	Windows	https://chiuinan.github.io/game/game/intro/ch/c12/7seal.htm
cdg-1996	麻將巨星	2002	帕米爾		native	Windows	https://chiuinan.github.io/game/game/intro/ch/c42/starmaj.htm
cdg-2017	征服：邊境戰爭	2002	Fever Pitch		localized	Windows	https://chiuinan.github.io/game/game/intro/ch/c32/cfw.htm
cdg-2104	絕色天堂	2002	京群		native	Windows	https://chiuinan.github.io/game/game/intro/ch/c44/heaven.htm
cdg-2127	縱橫四海麻將	2002	匯鑫	普威爾	native	Windows	https://chiuinan.github.io/game/game/intro/ch/c42/dhsh.htm
cdg-2510	碧雪情天之俠侶情緣	2002	創意鷹翔	元古	native	Windows	https://chiuinan.github.io/game/game/intro/ch/c12/bxqt.htm
cdg-2578	遊戲之王：夢指引	2002	新銳數字娛樂		native	Windows	https://chiuinan.github.io/game/game/intro/ch/c43/kog.htm
cdg-2744	夢幻模擬戰千年紀	2002	Masaya	依星	localized	Windows	https://chiuinan.github.io/game/game/intro/ch/c32/langm.htm
cdg-2937	刀劍封魔錄	2002	像素軟件	英特衛	native	Windows	https://chiuinan.github.io/game/game/intro/ch/c12/daojian1.htm
cdg-2991	劍靈2：幻域封魔	2002	大新		native	Windows	https://chiuinan.github.io/game/game/intro/ch/c12/swordsp2.htm
cdg-3067	末日危城1	2002	GPG		localized	Windows	https://chiuinan.github.io/game/game/intro/ch/c12/dsiege1.htm
cdg-3191	模擬樂園2	2002	Chris Sawyer		localized	Windows	https://chiuinan.github.io/game/game/intro/ch/c33/rct2.htm
cdg-3208	模擬飯店1	2002	Enlight	松崗	localized	Windows	https://chiuinan.github.io/game/game/intro/ch/c33/hotelg.htm
cdg-3310	熱血江湖	2002	Sego	億泰利	localized	Windows	https://chiuinan.github.io/game/game/intro/ch/c12/yb.htm
cdg-3319	熾焰帝國	2002	Phantagram	茂為	localized	Windows	https://chiuinan.github.io/game/game/intro/ch/c32/kuf1.htm
cdg-3397	戰爭藝術：世紀之戰	2002	Norm Koger	世紀雷神	localized	Windows	https://chiuinan.github.io/game/game/intro/ch/c32/toaw_cow.htm
cdg-3421	花曆	2002	Cyc	協和	localized	Windows	https://chiuinan.github.io/game/game/intro/ch/c33/hana.htm
cdg-3462	萬聖夜驚魂	2002	紅紫科技	智冠	native	Windows	https://chiuinan.github.io/game/game/intro/ch/c21/pumpkinm.htm
cdg-3469	蒼穹霸主1	2002	Nival	松崗	localized	Windows	https://chiuinan.github.io/game/game/intro/ch/c32/ethlords.htm
cdg-3483	鼠賊一窩	2002	紅紫科技		native	Windows	https://chiuinan.github.io/game/game/intro/ch/c21/mouseh.htm
cdg-3527	狗肯尼娃娃	2002	智冠		native	Windows	https://chiuinan.github.io/game/game/intro/ch/c52/wawa.htm
cdg-3546	獵殺潛航2	2002	Ultimation		localized	Windows	https://chiuinan.github.io/game/game/intro/ch/c33/sh2.htm
cdg-3734	魔法門9	2002	New World Computing		localized	Windows	https://chiuinan.github.io/game/game/intro/ch/c12/mm9.htm
cdg-3740	魔法門之英雄無敵4	2002	New World Computing	英特衛	localized	Windows	https://chiuinan.github.io/game/game/intro/ch/c32/homm4.htm
cdg-3752	魔獸爭霸3：混亂之治	2002	Blizzard		localized	Windows	https://chiuinan.github.io/game/game/intro/ch/c32/warc3.htm
cdg-3822	龍槍英雄傳	2002	G2G	依星	localized	Windows	https://chiuinan.github.io/game/game/intro/ch/c12/elixir.htm
cdg-0453	天劍記	2003	昱泉		native	Windows	https://chiuinan.github.io/game/game/intro/ch/c12/skysword.htm
cdg-0462	天地風雲錄	2003	斯普軟件	極真	native	Windows	https://chiuinan.github.io/game/game/intro/ch/c12/kangxi.htm
cdg-0509	小	2003	昱泉	統一	native	Windows	https://chiuinan.github.io/game/game/intro/ch/c51/presidnt.htm
cdg-1022	四大名捕	2003	第三波	智冠	native	Windows	https://chiuinan.github.io/game/game/intro/ch/c11/sdmb.htm
cdg-1569	仙劍幻境：水晶之魂	2003	斯普軟件	京群	native	Windows	https://chiuinan.github.io/game/game/intro/ch/c11/crystal.htm
cdg-1785	愛情圓周率	2003	恆星科技		native	Windows	https://chiuinan.github.io/game/game/intro/ch/c22/loverate.htm
cdg-2064	終極動員令：將軍	2003	EA		localized	Windows	https://chiuinan.github.io/game/game/intro/ch/c32/general.htm
cdg-2144	象棋兵法6：仙人指路篇	2003	晟業	智冠	native	Windows	https://chiuinan.github.io/game/game/intro/ch/c41/cch6.htm
cdg-2324	新台灣十六張麻將	2003	互網國際	智冠	native	Windows	https://chiuinan.github.io/game/game/intro/ch/c42/mjnsolo.htm
cdg-2728	夢幻咖啡屋：咖啡驛站	2003	遊戲天堂		native	Windows	https://chiuinan.github.io/game/game/intro/ch/c33/coffee2.htm
cdg-2938	刀劍封魔錄外傳：上古傳說	2003	像素軟件	英特衛	native	Windows	https://chiuinan.github.io/game/game/intro/ch/c12/daojian2.htm
cdg-3028	手談2	2003	弈緣		native	Windows	https://chiuinan.github.io/game/game/intro/ch/c41/ht2.htm
cdg-3031	抗日：血戰上海灘	2003	歡樂億派		native	Windows	https://chiuinan.github.io/game/game/intro/ch/c51/xzsht.htm
cdg-3032	抗日：血戰緬甸	2003	歡樂億派		native	Windows	https://chiuinan.github.io/game/game/intro/ch/c51/xzmd.htm
cdg-3077	李世民傳奇：乾坤鏡	2003	斯普軟件		native	Windows	https://chiuinan.github.io/game/game/intro/ch/c11/mirror.htm
cdg-3081	東方妖妖夢	2003	上海愛麗絲幻樂團		native	Windows	https://chiuinan.github.io/game/game/intro/ch/c51/dfyym.htm
cdg-3119	極樂酒店	2003	淡船筆工作室	伊思儷	native	Windows	https://chiuinan.github.io/game/game/intro/ch/c21/pubhouse.htm
cdg-3588	鋼鐵雄心	2003	Paradox		localized	Windows	https://chiuinan.github.io/game/game/intro/ch/c32/hoi.htm
cdg-3698	魔戒三部曲	2003	EA		localized	Windows	https://chiuinan.github.io/game/game/intro/ch/c12/rotk.htm
cdg-3821	龍戰士4	2003	Capcom	第三波	localized	Windows	https://chiuinan.github.io/game/game/intro/ch/c11/bof4.htm
cdg-3828	龍與地下城：灰鷹世界	2003	Troika		localized	Windows	https://chiuinan.github.io/game/game/intro/ch/c12/toee.htm
cdg-0253	三國趙雲傳之縱橫天下	2004	第三波		native	Windows	https://chiuinan.github.io/game/game/intro/ch/c12/zyzhtx.htm
cdg-0379	大富翁之大唐英雄遊江南	2004	斯普軟件	光昱	native	Windows	https://chiuinan.github.io/game/game/intro/ch/c43/dtrich.htm
cdg-0400	大海盜	2004	Firaxis		localized	Windows	https://chiuinan.github.io/game/game/intro/ch/c21/smp.htm
cdg-0817	成人方塊	2004	極真科技		native	Windows	https://chiuinan.github.io/game/game/intro/ch/c44/sblock.htm
cdg-1303	奇蹟動物園	2004	Enlight	光譜	localized	Windows	https://chiuinan.github.io/game/game/intro/ch/c33/zooemp.htm
cdg-1444	秦殤前傳：復活	2004	目標軟件	英寶格	native	Windows	https://chiuinan.github.io/game/game/intro/ch/c12/soe.htm
cdg-1900	強棒麻將	2004	極真	天泉	native	Windows	https://chiuinan.github.io/game/game/intro/ch/c42/hrmj.htm
cdg-1987	麻將	2004	極真		native	Windows	https://chiuinan.github.io/game/game/intro/ch/c42/mmmh.htm
cdg-2523	聖女之歌	2004	唯晶信息	寰宇之星	native	Windows	https://chiuinan.github.io/game/game/intro/ch/c44/haxp.htm
cdg-2982	創業王	2004	光譜		native	Windows	https://chiuinan.github.io/game/game/intro/ch/c33/ceo.htm
cdg-3102	棋靈王之明星圍棋	2004	冠捷		native	Windows	https://chiuinan.github.io/game/game/intro/ch/c41/goking.htm
cdg-3184	模擬市民2	2004	Maxis		localized	Windows	https://chiuinan.github.io/game/game/intro/ch/c33/thesims2.htm
cdg-3405	戰神：狂神天威3	2004	Infinite Interactive	光譜	localized	Windows	https://chiuinan.github.io/game/game/intro/ch/c32/wbc3.htm
cdg-3470	蒼穹霸主2	2004	Nival	光譜	localized	Windows	https://chiuinan.github.io/game/game/intro/ch/c32/ethlord2.htm
cdg-3475	蕩神誌	2004	英特衛		native	Windows	https://chiuinan.github.io/game/game/intro/ch/c12/cosg.htm
cdg-1356	阿貓阿狗2	2005	大宇		native	WinXP	https://chiuinan.github.io/game/game/intro/ch/c12/tuntown2.htm
cdg-1375	青蛇2	2005	斯普軟件	神遊/極真	native	Windows	https://chiuinan.github.io/game/game/intro/ch/c11/snake2.htm
cdg-1577	代號：鋼鐵行動2	2005	StormRegion	光譜	localized	Windows	https://chiuinan.github.io/game/game/intro/ch/c32/panzers2.htm
cdg-1993	麻將學園	2005	光譜		native	Windows	https://chiuinan.github.io/game/game/intro/ch/c42/mmj.htm
cdg-2397	明星餐廳	2005	光譜		native	Windows	https://chiuinan.github.io/game/game/intro/ch/c33/starres.htm
cdg-3423	花木蘭（2005）	2005	斯普軟件	極真	native	Windows	https://chiuinan.github.io/game/game/intro/ch/c12/mulan.htm
cdg-3460	萬獸之王	2005	SystemSoft	光譜	localized	WinXP	https://chiuinan.github.io/game/game/intro/ch/c31/mom4.htm
cdg-2554	迷城國度	2006	Falcom	英特衛	localized	WinXP	https://chiuinan.github.io/game/game/intro/ch/c12/xanadu.htm
cdg-3580	羅馬的榮耀	2006	Haemimont	光譜	localized	Windows	https://chiuinan.github.io/game/game/intro/ch/c33/gor.htm
cdg-0392	大戰略	2009	SystemSoft	光譜	localized	Windows	https://chiuinan.github.io/game/game/intro/ch/c32/dsp3.htm
