id	title	year	developer	region	publisher_tw	signals
cdg-0400	大海盜	2004	Firaxis	null		post2000|dup:cdg-0399
cdg-3000	加菲貓的打字夥伴	2003	De Marque	null		edu|post2000
cdg-0220	三國志11	2006	KOEI	JP		post2000
cdg-0230	三國志英雄傳	2004	SystemSoft	JP	淇倫	post2000
cdg-0253	三國趙雲傳之縱橫天下	2004	第三波	TW		post2000
cdg-0335	二戰戰役：硫磺島	2006	Direct Action	null		post2000
cdg-0356	大唐隸教傳	2005	伊思儷	TW		post2000
cdg-0379	大富翁之大唐英雄遊江南	2004	斯普軟件	null	光昱	post2000
cdg-0392	大戰略	2009	SystemSoft	JP	光譜	dup:cdg-0389
cdg-0453	天劍記	2003	昱泉	TW		post2000
cdg-0456	天命奇御	2018	甲山林娛樂	null		post2000
cdg-0462	天地風雲錄	2003	斯普軟件	null	極真	post2000
cdg-0473	天狐16張	2003	伊思儷	TW		post2000
cdg-0489	太平洋戰爭	2004	2 by 3	null		post2000
cdg-0494	太空小蜜蜂	1995	Taito	null		dup:cdg-0496
cdg-0495	太空小蜜蜂	1996	Taito,Kinesoft	null		dup:cdg-0496
cdg-0499	太空小蜜蜂	1995	Pop	null		dup:cdg-0496
cdg-0509	小	2003	昱泉	TW	統一	post2000
cdg-0572	幻想三國誌5	2018	宇峻奧汀,鳳凰遊戲	null		post2000
cdg-0584	幻想空間8：優等生	2004	YUGames,Sierra On-Line	null		post2000
cdg-0596	幻魔霸主	2004	Black Hole	null		post2000
cdg-0609	比基尼雀美眉	2003	伊思儷	TW		post2000
cdg-0618	水晶之約1：夢幻假日	2004	Crazy Bugs	null		post2000
cdg-0701	反恐精英：叢林行動	2006	City	null		post2000
cdg-0735	武士道	1989	MPS Labs	null		dup:cdg-0734
cdg-0763	地城領主	2005	Heuristic Park	null	英特衛	post2000
cdg-0769	地面控制2：大撤退	2004	Massive	null	斐凡迪環球	post2000
cdg-0817	成人方塊	2004	極真科技	TW		post2000
cdg-0825	百戰天蟲：蟲堡大作戰	2004	Team 17	null		post2000
cdg-0829	百戰天蟲3	2003	Team 17	null		post2000
cdg-0865	艷鬼大富翁	2003	伊思儷	TW		post2000
cdg-0878	被遺忘的國度：魔之石	2004	Stormfront	null	星空娛動	post2000
cdg-1020	嘿咻魔法娘	2004	伊思儷	TW		post2000
cdg-1022	四大名捕	2003	第三波	TW	智冠	post2000
cdg-1071	女生宿舍	2005	伊思儷	TW		post2000
cdg-1173	沙丘王子復仇記	2003	Widescreen	null	旭力亞	post2000
cdg-1290	亞特蘭提斯5：神聖遺產	2006	AIE	null		post2000
cdg-1291	亞特蘭提斯之天空巡邏	2006	Big Fish	null		post2000
cdg-1298	奇妙大百科再現	2000	Dynamix	US		edu
cdg-1356	阿貓阿狗2	2005	大宇	TW		post2000
cdg-1375	青蛇2	2005	斯普軟件	null	神遊	post2000
cdg-1397	動物園大亨2	2004	Blue Fang	null		post2000
cdg-1403	式神之城3	2006	Alfa	null		post2000
cdg-1404	改裝車大賽1：美國街頭飆車	2003	Canopy	null		post2000
cdg-1444	秦殤前傳：復活	2004	目標軟件	CN	英寶格	post2000
cdg-1464	美女快打	2004	伊思儷	TW		post2000
cdg-1551	香港地產王	2006	光譜	TW		post2000
cdg-1569	仙劍幻境：水晶之魂	2003	斯普軟件	null	京群	post2000
cdg-1590	伊蘇4：塞爾塞塔的樹海	2015	Falcom	JP	英特衛	post2000
cdg-1626	俠客風雲傳	2015	河洛工作室	null		post2000
cdg-1627	俠客風雲傳前傳	2016	河洛工作室	null		post2000
cdg-1634	俠盜騎兵	2006	Rebellion	null		post2000
cdg-1694	冒險奇譚1	2019	Game Arts	null		post2000
cdg-1716	忍者龜1	2003	Konami	JP		post2000
cdg-1718	忍者龜2	2004	Konami	JP		post2000
cdg-1731	快樂原始人	2000	lpSoftware	null	安峻	dup:cdg-4929
cdg-1745	性俄羅斯	1993	Image Line	BE		foreign-no-tw
cdg-1779	惡魔使者	2007	Metropolis	null		post2000
cdg-1785	愛情圓周率	2003	恆星科技	null		post2000
cdg-1795	慾空間	2003	伊思儷	TW		post2000
cdg-1819	真情色麻將	2003	遊戲天堂	null		post2000
cdg-1851	神諭外傳	2004	Larian	null	英特衛	post2000
cdg-1853	神風手	2003	學習工場	null		post2000
cdg-1868	福爾摩斯探案集之銀耳環	2004	Frogwares	null		post2000
cdg-1900	強棒麻將	2004	極真	null	天泉	post2000
cdg-1951	異次元啟示錄	2004	K-D Lab,1C	null		post2000
cdg-1987	麻將	2004	極真	null		post2000
cdg-1993	麻將學園	2005	光譜	TW		post2000
cdg-2049	紐約瘋狂出租車2	2003	Team6	null		post2000
cdg-2064	終極動員令：將軍	2003	EA	US		post2000
cdg-2077	終極生化少女	2009	KID	JP	娛樂通	post2000
cdg-2090	絕代雙驕前傳之十大惡人	2004	牧童	null		post2000
cdg-2096	絕地任務	2010	Silden	null		post2000
cdg-2098	絕地戰士	1996	Cinematix	null	彩虹高科技	dup:cdg-2097
cdg-2102	絕對武力：次世代	2004	Valve	null		post2000
cdg-2103	絕色大老二	2003	京群	null		post2000
cdg-2109	經典英式車賽	2006	Data Design	null		post2000
cdg-2144	象棋兵法6：仙人指路篇	2003	晟業	TW	智冠	post2000
cdg-2183	超級五子棋	2002	機車小子	null		dup:cdg-2182
cdg-2187	超級俄羅斯方塊	1992	Rogelio Bernal	null		dup:cdg-2186
cdg-2195	超級拖拉機	2003	YY軟件	null		post2000
cdg-2280	黑色荊棘	1994	Blizzard	US		foreign-no-tw
cdg-2293	散碎的原色	2008	KID	JP	娛樂通	post2000
cdg-2306	文明帝國4	2005	Firaxis	null		post2000
cdg-2311	斑馬	2005	Gunnar Andersson	null		post2000
cdg-2324	新台灣十六張麻將	2003	互網國際	null	智冠	post2000
cdg-2331	新官能教習3：女奴調教	2003	伊思儷	TW		post2000
cdg-2332	新官能教習4：黑獄	2003	伊思儷	TW		post2000
cdg-2360	新金瓶梅	2003	伊思儷	TW		post2000
cdg-2361	新金瓶梅真人版	2003	伊思儷	TW		post2000
cdg-2367	方程式挑戰賽	2004	Aqua	null	新造科技	post2000
cdg-2391	明星手札	2004	Monte Cristo	null		post2000
cdg-2397	明星餐廳	2005	光譜	TW		post2000
cdg-2421	星際爭霸戰：世代	1997	MicroProse	US		foreign-no-tw
cdg-2428	星際爭霸戰：精英部隊2	2003	Ritual	null		post2000
cdg-2434	星際爭霸戰：Legacy	2006	Mad Doc	null		post2000
cdg-2470	暴力機車	2005	Sproing	null		post2000
cdg-2474	曙光特攻	2005	Metropolis	null	英特衛	post2000
cdg-2478	最後一戰	2003	Microsoft	null		post2000
cdg-2502	硬卡車：啟示錄	2006	Targem Games	null		post2000
cdg-2512	碰撞飛車	2006	Moonbyte	null		post2000
cdg-2523	聖女之歌	2004	唯晶信息	null	寰宇之星	post2000
cdg-2524	聖女之歌零	2016	唯晶	TW		post2000
cdg-2535	聖殿武士	2004	Starbreeze	null	華星	post2000
cdg-2554	迷城國度	2006	Falcom	JP	英特衛	post2000
cdg-2563	迷霧之島5	2005	Cyan	null		post2000
cdg-2591	邪惡天才	2004	Elixir	null		post2000
cdg-2601	雪佛萊極品跑車賽	2003	Steel Monkeys	null		post2000
cdg-2672	雷射超人3	2003	Ubisoft	FR		post2000
cdg-2683	雷電3	2005	Seibu	null	智冠	post2000
cdg-2728	夢幻咖啡屋：咖啡驛站	2003	遊戲天堂	null		post2000
cdg-2730	夢幻大富翁：魔法大亂鬥	2003	伊思儷	TW		post2000
cdg-2735	夢幻彈珠台3	2006	TopWare	null		post2000
cdg-2740	夢幻撲克牌 大老二幻想曲	2003	伊思儷	TW		post2000
cdg-2759	夢幻魔法牌之風月寶鑑	2003	伊思儷	TW		post2000
cdg-2766	夢幻麻將館7：濕樂園	2003	伊思儷	TW		post2000
cdg-2767	夢幻麻將館8：媚惑學園	2004	伊思儷	TW		post2000
cdg-2768	夢幻麻將館8：媚惑學園續章	2004	伊思儷	TW		post2000
cdg-2769	夢幻麻將館9：雀聖爭霸	2005	伊思儷	TW		post2000
cdg-2799	瘋狂計程車3	2003	Hitmaker	null		post2000
cdg-2815	發音通	1997	岡業	null		edu
cdg-2817	精靈傳說	2004	Targem	null	英寶格	post2000
cdg-2848	蠟筆小新	1998	廣藝	null		dup:cdg-2847
cdg-2899	銀河生死鬥：復仇祭	2004	Irrational Games	null	裴凡迪環球	post2000
cdg-2918	銀河飛龍	1998	MicroProse	US		dup:cdg-2919
cdg-2920	銀河飛龍	1999	MicroProse	US		dup:cdg-2919
cdg-2938	刀劍封魔錄外傳：上古傳說	2003	像素軟件	null	英特衛	post2000
cdg-2948	刺客任務3：密約浮影	2004	IO	null		post2000
cdg-2982	創業王	2004	光譜	TW		post2000
cdg-2993	加勒比海盜	2003	Akella	null	東方娛動	post2000
cdg-3002	勁爆水上滑板	2003	Beenox	null		post2000
cdg-3021	勁爆美國職籃2005	2004	EA	US		post2000
cdg-3028	手談2	2003	弈緣	null		post2000
cdg-3029	打字狀元專業版	1999	嘉軒文化	null		edu
cdg-3031	抗日：血戰上海灘	2003	歡樂億派	null		post2000
cdg-3032	抗日：血戰緬甸	2003	歡樂億派	null		post2000
cdg-3038	拱豬	1986	Shih Ching Lin	null		dup:cdg-3037
cdg-3068	末日危城2	2005	GPG	null		post2000
cdg-3077	李世民傳奇：乾坤鏡	2003	斯普軟件	null		post2000
cdg-3081	東方妖妖夢	2003	上海愛麗絲幻樂團	null		post2000
cdg-3102	棋靈王之明星圍棋	2004	冠捷	TW		post2000
cdg-3103	棋靈王之明星象棋	2004	冠捷	TW		post2000
cdg-3110	極品醉車1	2005	Juice	null		post2000
cdg-3119	極樂酒店	2003	淡船筆工作室	null	伊思儷	post2000
cdg-3130	極速快感8	2004	EA	US		post2000
cdg-3131	極速快感9	2005	EA	US		post2000
cdg-3136	極速房車賽1	2003	Codemasters	GB		post2000
cdg-3137	極速房車賽2	2004	Codemasters	GB		post2000
cdg-3140	極速車神	2004	Aqua	null	新造科技	post2000
cdg-3145	極限衝刺1	2004	Bugbear	null		post2000
cdg-3156	榮譽勳章：太平洋戰役	2004	EA	US		post2000
cdg-3178	模擬城市4：福爾摩沙	2003	Maxis	US		post2000
cdg-3182	模擬大樓	1995	ArtDink	null	第三波	dup:cdg-3181
cdg-3184	模擬市民2	2004	Maxis	US		post2000
cdg-3192	模擬樂園3	2004	Frontier	null		post2000
cdg-3193	模擬樂園番外篇：運輸王	2004	Chris Sawyer	null		post2000
cdg-3230	橫掃千軍	1994	Capstone	null		dup:cdg-3231
cdg-3256	火箭車	1985	Konami	JP		foreign-no-tw
cdg-3257	火線命令	2004	ValuSoft	null		post2000
cdg-3269	烈焰戰鎚	2003	Kuju	null		post2000
cdg-3282	無人永生前傳：殺手傑克	2003	Monolith	null	奧美電子	post2000
cdg-3291	無限試駕	2006	Eden	null		post2000
cdg-3344	貨車也瘋狂4	2003	eMotorsports	null		post2000
cdg-3356	賽道狂飆	2003	Nadeo	null	華星	post2000
cdg-3358	賽道狂飆：組合	2006	Nadeo	null		post2000
cdg-3380	戰地風雲：越南	2004	DICE	null		post2000
cdg-3382	戰地風雲2	2006	DICE	null		post2000
cdg-3385	戰慄時空1：次世代	2004	Valve	null		post2000
cdg-3386	戰慄時空2	2004	Valve	null		post2000
cdg-3388	戰慄時空2首部曲：浩劫重生	2006	Valve	null		post2000
cdg-3409	戰鎚40000：破曉之戰	2004	Relic	null		post2000
cdg-3423	花木蘭（2005）	2005	斯普軟件	null	極真	post2000
cdg-3427	英倫霸主3	2004	Impressions Games	null		post2000
cdg-3454	莫蒂爾2	2004	Mirage	null		post2000
cdg-3474	蓮花跑車挑戰賽	2003	Kuju	null		post2000
cdg-3475	蕩神誌	2004	英特衛	null		post2000
cdg-3482	蘭島物語：少女的約定	2007	Circle	null		post2000
cdg-3508	特勤機甲隊6	2004	工畫堂	JP	華義	post2000
cdg-3513	特洛伊木馬屠城記	2004	Zono	null		post2000
cdg-3538	獅子心	2003	Reflexive	null	英特衛	post2000
cdg-3550	獵魔者	2004	People Can Fly	null	英特衛	post2000
cdg-3576	羅密歐賽車	2005	Milestone	null		post2000
cdg-3579	羅馬爭霸	2003	Independent Arts	null		post2000
cdg-3588	鋼鐵雄心	2003	Paradox	null		post2000
cdg-3589	鋼鐵雄心2	2005	Paradox	null		post2000
cdg-3603	鐵血悍將	2005	Sigma	null	翎盛	post2000
cdg-3614	閃電霹靂車	2004	Project YNP	null		post2000
cdg-3619	關鍵任務：戰火風雲	2004	NovaLogic	null		post2000
cdg-3625	駭客任務2：關鍵抉擇	2005	Shiny	null		post2000
cdg-3640	高賞金越野摩托賽	2003	Techland	null		post2000
cdg-3655	鬼惑	2004	伊思儷	TW		post2000
cdg-3674	魔域幻境2	2003	Legend	null		post2000
cdg-3677	魔域幻境之浴血戰場	2004	Epic MegaGames	null		post2000
cdg-3685	魔導戰記	2009	工畫堂	JP	娛樂通	post2000
cdg-3698	魔戒三部曲	2003	EA	US		post2000
cdg-3700	魔戒前傳：哈比人歷險記	2003	Fizz Factor	null		post2000
cdg-3708	魔法之戰：黑暗印記	2005	Targem	null	英寶格	post2000
cdg-3714	魔法少年	1993	Blue Turtle	null		dup:cdg-3715
cdg-3746	魔法風雲會：天命戰場	2003	Atari	null		post2000
cdg-3810	豔鬼麻將1	2003	伊思儷	TW		post2000
cdg-3811	豔鬼麻將2：還陽記	2004	伊思儷	TW		post2000
cdg-3828	龍與地下城：灰鷹世界	2003	Troika	null		post2000
cdg-3829	龍與地下城：龍晶傳奇	2005	Liquid	null		post2000
cdg-4223	古墓奇兵3資料片：失落的神器	null	Core Design	GB		foreign-no-tw
cdg-4448	瑪利歐教你打字	null	null	null		edu
cdg-5199	微軟模擬飛行 2.0	1984	Sublogic	US		foreign-no-tw
cdg-5200	微軟模擬飛行 3.0	1988	Bruce Artwick Organization	US		foreign-no-tw
cdg-5201	微軟模擬飛行 4.0	1989	Bruce Artwick Organization	US		foreign-no-tw
cdg-5202	微軟模擬飛行 5.1	1995	Microsoft	US		foreign-no-tw
cdg-5203	微軟模擬飛行 95	1996	Microsoft	US		foreign-no-tw
cdg-5204	微軟模擬飛行 98	1997	Microsoft	US		foreign-no-tw
cdg-5205	戰鬥神將	1996	Atomic Games	US		foreign-no-tw
cdg-5206	戰鬥神將2	1997	Atomic Games	US		foreign-no-tw
cdg-5207	戰鬥神將3：俄羅斯戰線	1999	Atomic Games	US		foreign-no-tw
cdg-5208	戰鬥神將4：突出部之役	1999	Atomic Games	US		foreign-no-tw
cdg-5219	巫毒小子	1997	Infogrames	FR		foreign-no-tw
cdg-5225	七喜小子	1993	Virgin Games	US		foreign-no-tw
cdg-5228	超級立體泡泡	2002	Zombie	US		foreign-no-tw
cdg-0006	16張臺灣麻將	1987	第三波	TW		
cdg-0020	3D撞球2	2000	Headgames	null		
cdg-0022	3D立體真實撞球冠軍	1995	Mindscape	null		
cdg-0024	3D鐵路大亨之鐵路之鄉	1999	Dynamix	US		
cdg-0025	3D魔宮聖戰	1996	Toys for Bob	null		
cdg-0026	3D麻將 3	2000	Megaware	null	松崗	
cdg-0031	97GT體感賽車之風馳電掣	1997	Blue Sphere	null	英特衛	
cdg-0033	98國際越野冠軍賽	1997	Europress	null	憶弘	
cdg-0042	A列車8	2008	Artdink	JP	光譜	
cdg-0043	A列車9	2011	Artdink	JP	光譜	
cdg-0044	B17飛行堡壘：第八飛行中隊	2000	Wayward	null		
cdg-0046	C.E.O	1995	Artdink	JP		
cdg-0048	DDR99 Diet Diet Revolution '99	1999	Ez Works	null		
cdg-0050	D之食卓	1995	Warp	null		
cdg-0051	E.I.特戰隊	1998	Micro Forte	null	歐樂影視	
cdg-0055	e族在賽車	2001	Rage	null	會宇	
cdg-0057	F-22猛禽戰鬥機	1997	NovaLogic	null		
cdg-0058	F-22雷霆戰機	1996	NovaLogic	null		
cdg-0059	F16攻擊者	1998	GSI	null		
cdg-0060	F1一級方程式賽車2000	2000	Image Space	null		
cdg-0061	F1一級方程式賽車2001	2001	Image Space	null		
cdg-0063	F1一級方程式錦標賽2000賽季	2000	Image Space	null		
cdg-0064	F1世界大獎賽	2000	Lankhor	null		
cdg-0065	F1世界大獎賽2000	2001	Eutechnyx	null	第三波	
cdg-0067	F1熱血賽車	1993	Gremlin	null	智冠	
cdg-0068	F1賽車1994	1994	Lankhor	null		
cdg-0069	F1賽車模擬	1997	Ubisoft	FR	松崗	
cdg-0070	F1賽車模擬2	1998	Ubisoft	FR		
cdg-0071	F1賽車經理	1996	Software 2000	null		
cdg-0072	F1賽車經理專業版	1997	Software 2000	null		
cdg-0073	F1車隊經理2000	2000	IG	null		
cdg-0074	FinFin海豚鳥	1996	富士通	null	展筠	
cdg-0075	Fool Panda歷險記	2000	旭力亞	null		
cdg-0076	FRB右腦飛行	1998	大時科技	null		
cdg-0081	GP賽車傳奇	1998	Papyrus	null		
cdg-0083	GT超級房車賽	1999	Image Space	null		
cdg-0086	H！神探	2002	伊思儷	TW		
cdg-0087	ID4星際終結者	1997	Radical	null		
cdg-0091	iM1A2艾布拉姆斯坦克	1997	Charybdis	null		
cdg-0100	LIS太空號數學歷險	1998	Sound Source	null	正謙	
cdg-0103	NBA內線進攻2000	2000	High Voltage Software	null	微軟	
cdg-0110	Pango	1983	Sheng-Chung Liu	null		
cdg-0111	PC拉力賽	1995	Digital Dreams	null		
cdg-0112	PC魔術方塊	1991	Software 2000	null		
cdg-0116	SODA越野賽車	1997	Software Allies	null		
cdg-0117	Sound it out！說的容易：字母篇	1999	酷家族多媒體	null		
cdg-0118	Shift!	1999	歡樂盒	TW		
cdg-0125	VR機車賽	1995	Artificial Software	null		
cdg-0126	VR終極戰警1	1996	SEGA	JP		
cdg-0127	VR終極戰警2	1997	SEGA	JP		
cdg-0128	VR網球96	1996	Digital Dreams	null	熊貓	
cdg-0129	WIN麻將	1999	捷友	TW		
cdg-0132	X摩托2000	2000	Deibus	null		
cdg-0133	X檔案	1998	HyperBole	null		
cdg-0137	Z字特攻隊	1996	Bitmap Brothers	null	松崗	
cdg-0141	一級方程式賽車96	1997	Bizarre Creations	null		
cdg-0142	一級方程式賽車97	1998	Bizarre Creations	null		
cdg-0143	一級方程式賽車99	1999	Studio 33	null		
cdg-0160	七海爭霸	1997	Meridian'93	null	華義	
cdg-0168	八球豪華版	1993	Amtex	null		
cdg-0170	公主奇緣	2010	工畫堂	JP	光譜	
cdg-0172	公主戰記	1999	AIC	null	華義	
cdg-0174	公元2150	2000	SSI	US		
cdg-0176	公路爭霸戰1：州際風暴	1997	Activision	US		
cdg-0177	公路爭霸戰2	1999	Activision	US		
cdg-0178	公路狂飆	1993	Warped Minds	null		
cdg-0179	北方傳記	1999	1C	null	業訊	
cdg-0189	午夜狂飆	1999	Avanquest	null		
cdg-0203	三界諭2：真愛不死	1998	大點科技	null	第三波	
cdg-0204	三國之星海風雲	1997	Dong Seo Interactive	KR	怡碩	
cdg-0205	三國之星海風雲2	2001	Dong Seo Interactive	KR	怡碩	
cdg-0208	三國封神	2002	樂陞	null	遊戲精靈	
cdg-0209	三國志：風雲再起	1996	KOEI	JP		
cdg-0223	三國志Battlefield	2002	KOEI	JP		
cdg-0228	三國志演義：官渡篇	1997	歡樂盒	TW		
cdg-0252	三國趙雲傳	2002	第三波	TW		
cdg-0258	三國風雲2	2000	華義	TW		
cdg-0272	上古卷軸1：競技場	1994	Bethesda	null		
cdg-0273	上古卷軸2：匕首雨	1996	Bethesda	null		
cdg-0276	上古卷軸：戰鬥神塔	1997	無	null		
cdg-0277	上古卷軸：紅色守衛	1998	Bethesda	null		
cdg-0278	上古文明帝國	1995	Avalon Hill	null	彩虹高	
cdg-0280	上天下地闖通關	1998	正謙	null		
cdg-0284	上帝也抓狂3	2001	Bullfrog	GB		
cdg-0285	上海2000	1999	光譜	TW		
cdg-0288	上海麻將：王朝	1997	Quicksilver	null		
cdg-0289	上海麻將：王朝2	1999	Quicksilver	null		
cdg-0291	中世紀	1998	Incredible Simulations	null		
cdg-0292	中世紀2	2000	Incredible Simulations	null		
cdg-0297	中國棋王之無敵五子棋	1999	新造科技	TW		
cdg-0298	中國棋王之象棋大對決	2000	新造科技	TW		
cdg-0303	中國象棋之四子棋篇	1996	普威爾	TW		
cdg-0304	中國象棋之五子棋篇	1996	普威爾	TW		
cdg-0305	中國象棋之西洋棋篇	1996	普威爾	TW		
cdg-0306	中國象棋之西洋雙陸棋篇	1997	普威爾	TW		
cdg-0307	中國象棋之英式西洋棋篇	1996	普威爾	TW		
cdg-0308	中國象棋之圍棋篇	1996	普威爾	TW		
cdg-0309	中國象棋之象棋篇	1996	普威爾	TW		
cdg-0310	中國象棋之麻將	1995	普威爾	TW		
cdg-0311	中國象棋之黑白棋篇	1996	普威爾	TW		
cdg-0312	中國象棋之橋牌篇	1996	普威爾	TW		
cdg-0313	中國象棋大師	1996	愛嘉	null		
cdg-0314	中國象棋大師	1996	先博多	null		
cdg-0316	中文輸入法練習	1995	Microsoft	null		
cdg-0318	中英文輸入練習高手速成	1994	星僑	null		
cdg-0327	亂世梟雄	2002	大新	null	第三波	
cdg-0328	亂世疑雲	2000	Westka	null	松崗	
cdg-0329	亂蝶	1998	FIX	null	歡樂盒	
cdg-0330	事務女郎2	1999	h.m.p	null	歡樂盒	
cdg-0333	二戰士兵	1999	TNT	null		
cdg-0345	五子棋	1988	第三波	TW		
cdg-0347	五子棋大師2	1999	光譜	TW		
cdg-0348	五子棋：宇宙幻影	1998	金點	null		
cdg-0351	大反擊	1993	Delphine	null	智冠	
cdg-0352	大唐三藏	2000	三馳	null	金智塔	
cdg-0358	大地英豪	2000	火鳳凰	null		
cdg-0391	大戰略5	1996	SystemSoft	JP	第三波	
cdg-0396	大戰略：大東亞興亡史2	2007	SystemSoft	JP	光譜	
cdg-0397	大戰略：王者之師	1998	SystemSoft	JP	第三波	
cdg-0402	大獎賽1	1992	MicroProse	US		
cdg-0403	大獎賽2	1996	MicroProse	US		
cdg-0404	大獎賽3	2000	MicroProse	US	第三波	
cdg-0406	大獎賽世界	1999	MicroProse	US		
cdg-0407	大獎賽經理1	1995	MicroProse	US		
cdg-0408	大獎賽經理2	1996	MicroProse	US		
cdg-0411	大航海世紀1602	1998	Max Design	null		
cdg-0414	大航海家1	1992	Ascaron	DE		
cdg-0415	大航海家2	2000	Ascaron	DE	光譜	
cdg-0416	大航海家3	2002	Ascaron	DE	光譜	
cdg-0420	大航海時代2外傳	1995	KOEI	JP	第三波	
cdg-0421	大航海時代3：太陽海岸	1996	KOEI	JP	第三波	
cdg-0422	大航海時代4	1999	KOEI	JP	第三波	
cdg-0428	大魔域：白鳥傳說	2000	Microïds	null	協和	
cdg-0429	大魔王物語	1997	勁一番	null	智冠	
cdg-0438	天使之都	2001	玩酷小組	null	宏碁	
cdg-0451	天使集中營	1996	Piston	null	幸福鴨	
cdg-0464	天外來襲	1998	GT	null		
cdg-0468	天才工作坊	1996	Discovery Multimedia	null		
cdg-0475	天神傳說	1996	泰騰	null		
cdg-0477	天諭	2000	次方	null	皇統	
cdg-0478	天賦神權：蛇女同盟	1997	Synergistic	null		
cdg-0479	天路賽車	1993	BlueMoon	null		
cdg-0485	太子降魔傳	1994	唐山	null		
cdg-0500	太空小蜜蜂再臨	1996	Taito,Kelly Data	null		
cdg-0517	小小馬蓋先	1995	草莓軟體	TW	熊貓	
cdg-0520	小旅鼠俄羅斯	1994	Jan Zeithaml	null		
cdg-0521	小棋侶	2001	晟業	TW		
cdg-0526	小精靈1	1996	Creature Labs	null		
cdg-0527	小精靈2	1998	Creature Labs	null		
cdg-0528	小精靈3	1999	Creature Labs	null		
cdg-0530	小精靈歷險記	1999	Creature Labs	null		
cdg-0531	小精靈軌道賽車	1995	Mad Data,WSP	null		
cdg-0539	小魔女琪琪：瘋狂美少女倉庫番	1997	Manbow	null		
cdg-0548	屠龍大會	1998	Silmarils	null	第三波	
cdg-0549	層疊空域：制空權	1998	Kodiak	null		
cdg-0550	山地自行車大賽	1999	Creative Carnage	null		
cdg-0551	山海經	2001	奧美	null		
cdg-0554	工人物語2	1996	Blue Byte	DE	華義	
cdg-0557	工人物語5：帝王之路	2004	Blue Byte	DE	松崗	
cdg-0559	巧克力	1995	金盤電子	null		
cdg-0560	巨人的冒險	1999	EAI	null		
cdg-0583	幻想空間7	1996	Sierra On-Line	US		
cdg-0602	幽浮3：啟示錄	1997	Mythos	null	第三波	
cdg-0603	幽浮4：攔截者	1998	MicroProse	US		
cdg-0608	幽魂2	1996	Sierra On-Line	US		
cdg-0611	民主遊戲	1988	李天啟	null		
cdg-0613	水世界	1997	Intelligent	null	松崗	
cdg-0614	水之旋律1	2009	KID	JP	光譜	
cdg-0615	水之旋律2：緋之記憶	2009	KID	JP	光譜	
cdg-0617	水族小舖	2000	玩酷	null		
cdg-0637	王牌飛行員	2000	Zipper	null		
cdg-0639	世嘉拉力賽1	1997	SEGA	JP	鼎昌	
cdg-0642	世界名畫欣賞	1996	頂尖拍檔	null		
cdg-0643	世界巡迴公路賽	1995	Teacy	null		
cdg-0645	世界拳擊理事會拳王爭霸	1999	IA	null		
cdg-0669	世紀戰略	1999	北京逆火	null		
cdg-0675	世紀職棒	1995	Stormfront	null	松崗	
cdg-0678	卡丁車大賽	2000	Monkey Byte	null		
cdg-0680	卡丁車賽車	1999	Midas	null		
cdg-0683	卡茲之翼：拜斯維爾戰記	1996	Humming Bird	null	歡樂盒	
cdg-0686	卡通總動員	1996	Burst	null		
cdg-0687	卡通賽車	2000	Software Creations	null		
cdg-0689	印加帝國	2000	Ubisoft	FR		
cdg-0690	印加帝國1	1992	Coktel Vision	null		
cdg-0693	印第大賽車1	1993	Papyrus	null		
cdg-0694	印第大賽車2	1995	Papyrus	null		
cdg-0695	印第安納瓊斯4：末日危機	1999	Lucas	null		
cdg-0697	厄夜驚悚	1999	Terminal Reality	null	華義	
cdg-0698	原始人大賽車	1995	Core Design	null		
cdg-0702	叛艦迷航正義之旅	1995	Midnight	null		
cdg-0707	多多筆2：森林遊樂園	1997	大方廣資訊	null	碁峰	
cdg-0708	夜想曲：妖精們的敘情詩	1998	Jamie	null	富峰群	
cdg-0711	失子之城	1997	Psygnosis	null	三賢影視	
cdg-0714	失落的女神：鑽石之章	2000	Min Communication	KR	歡樂盒	
cdg-0721	正宗中國暗棋之華容道	1998	普威爾	TW		
cdg-0722	正宗中國暗棋之西瓜棋	1998	普威爾	TW		
cdg-0723	正宗中國象棋 棋王之王	2000	普威爾	TW		
cdg-0727	正宗四川省麻將	1994	九藝	null		
cdg-0730	正式	1999	Lankhor	null	宏碁	
cdg-0733	武士的選擇	1999	Silmarils	null		
cdg-0740	武林群俠傳	2001	智冠	TW	智冠	
cdg-0747	立體俄羅斯方塊3	1995	J. Shramko	null		
cdg-0748	立體彈珠台1	1995	Cinematronics	null		
cdg-0749	立體彈珠台2	1996	Maxis	US		
cdg-0751	立體狂飆	1995	Refinery	null		
cdg-0755	童話大進擊	1995	光復	null		
cdg-0759	地下城主2	1993	FTL	null		
cdg-0760	地城守護者1	1997	Bullfrog	GB		
cdg-0766	地獄怪客：夜之犬	2000	Cryo	FR		
cdg-0768	地面控制1	2000	Massive	null		
cdg-0774	坦克大決戰：橘子保衛戰	2000	遊戲橘子	null		
cdg-0775	坦克殺手	2000	ElectroTech	null		
cdg-0778	城堡幻想曲3艾倫希亞戰記	2000	Studio e.go	JP		
cdg-0780	城市百分百	2000	永世泰	null	華彩	
cdg-0781	基因戰士	2006	Burut	null	光譜	
cdg-0782	基礎日語火速上口	1999	甦活光碟	null		
cdg-0785	塔羅牌占卜	1996	頂尖拍檔	null	富峰群	
cdg-0788	壘球大聯盟	2000	3DO	US	皇統	
cdg-0790	宇宙特警隊	1999	Team17	null	第三波	
cdg-0792	宇宙荒舟	1993	Electronic Arts	US		
cdg-0793	宇宙荒舟2：聖血天使的復仇	1996	3DO	US		
cdg-0794	宇宙飛行大賽車	2001	Wave Front	null	安峻	
cdg-0801	完全失真	1995	Warp	null		
cdg-0802	完美撞球檯	2000	Megaware	null	松崗	
cdg-0812	寒武爭戰	1997	森雅	null	華義	
cdg-0813	實驗賽車	1997	MediaTech	null		
cdg-0814	寫真麻將館	2001	冠捷	TW		
cdg-0819	成吉思汗：大漠英雄傳	2001	詮積	TW		
cdg-0820	百劍	2001	Smilebit	null		
cdg-0822	百慕達	1995	Century	null		
cdg-0823	百戰天蟲：世界大戰	2001	Team 17	null		
cdg-0826	百戰天蟲：蟲蟲危機	1999	Team 17	null		
cdg-0827	百戰天蟲1	1995	Team 17	null		
cdg-0828	百戰天蟲2	1997	Team 17	null		
cdg-0831	百戰天蟲彈珠台	1998	Team 17	null		
cdg-0839	自由式花樣自行車賽	2000	Z-Axis	null		
cdg-0840	自由自行車大賽	2000	Silverfish	null		
cdg-0841	自由與榮耀	1999	洪恩軟件	null		
cdg-0842	自由與榮耀2	2001	洪恩軟件	null		
cdg-0844	自行車隊經理	2001	Cyanide	null		
cdg-0852	致命車賽	1995	Gremlin	null		
cdg-0853	致命連鎖	1999	亞克米	null	智冠	
cdg-0855	舊金山警車大賽	1991	Jaleco	null		
cdg-0856	舞光十射	2000	鈊象	TW	華彩	
cdg-0859	航空大亨（Airline Tycoon）	1998	Spellbound Software	null	華義	
cdg-0862	般若魔界	1998	昱泉	TW	第三波	
cdg-0867	血祭1	1997	Monolith	null		
cdg-0868	血祭2：天選者	1998	Monolith	null		
cdg-0869	街機撞球	1994	Team17	null		
cdg-0870	街頭小撬車大賽	1999	nFusion	null		
cdg-0875	衝鋒飛車手	1997	High Score,Stormfront	null		
cdg-0876	袋鼠小天王1	2000	Tate	null		
cdg-0880	裝甲元帥2	1997	SSI	US	第3波	
cdg-0881	裝甲元帥3：焦土作戰	2000	SSI	US	銀冠	
cdg-0882	裝甲元帥3	1999	SSI	US	第3波	
cdg-0883	裝甲動員令：無畏戰車	1999	Zipper	null		
cdg-0884	裝甲精英	1999	Wings	null	世紀雷神	
cdg-0886	裝甲雄師2	1998	MicroProse	US		
cdg-0894	西遊記：孫悟空	1996	新資訊科技	null		
cdg-0895	西遊記：異世界大冒險	2000	三協資訊	null	華彩	
cdg-0904	古堡探險	1995	育腦發展	null		
cdg-0920	古奇格蘭迪的十項全能賽	1997	Microforum	null		
cdg-0921	古文明時代	2002	Strategy First	null	光譜	
cdg-0925	古董名車賽2	1991	P.Z.Karen	null		
cdg-0926	古靈精怪	2001	Eko	null	英特衛	
cdg-0927	另一個世界	1992	Delphine	null	智冠	
cdg-0930	台北咖啡通	2001	美夢成真	TW	明日工作室	
cdg-0932	台北愛情故事	1996	頂尖拍檔	null		
cdg-0934	台灣十六張麻將單機版	2002	互網國際	null	元古	
cdg-0945	吃豆人	1997	CHAMProgramming	null		
cdg-0949	吃豆人女士：探索黃金迷宮	2001	Infograms	null		
cdg-0950	吃豆夫人	1997	CHAMProgramming	null		
cdg-0955	名流高爾夫1997	1996	Access	null		
cdg-0956	名流高爾夫1998	1997	Access	null		
cdg-0957	名流高爾夫1999	1998	Access	null		
cdg-0958	名流高爾夫2000	1999	Microsoft	null		
cdg-0959	名流高爾夫2001	2000	Microsoft	null		
cdg-0961	名車勒芒24小時耐力賽	1999	Infogrames	FR		
cdg-0969	名車拉力賽	2000	Digital Illusions	null		
cdg-0970	名車越野大賽1	1997	Elite Systems	null		
cdg-0971	名車越野大賽2	1998	Pitbull Syndicate	null		
cdg-0972	名車越野大賽3	1999	Infogrames	FR		
cdg-0975	吞噬者	1998	Digital Impact	null	全崴	
cdg-0976	吞豆人	1992	Filipe Mateus	null		
cdg-0982	吸血鬼德古拉1：魔體復活	1999	Index+	null	大宇	
cdg-0983	吸血鬼德古拉2：最後秘密	2000	Wanadoo	null	大宇	
cdg-0987	和平使者	1999	Jinxter	null		
cdg-0988	咕嚕一族	1999	Monolith	null	松崗	
cdg-1000	哈雷戴維森：穿越美國	1999	Canopy,G2M	null		
cdg-1001	哈雷戴維森：自由之輪	2000	Canopy,G2M	null		
cdg-1002	哥薩克：征服與榮耀	2002	GSC	null	大宇	
cdg-1003	啄木鳥賽車	2000	Syrox	null		
cdg-1015	喋血街頭1	1997	Running With Scissors	null	歐樂影視	
cdg-1017	喬治克隆尼之惡夜追殺令	2001	GameSquad	null		
cdg-1018	單字通：單字大補帖	1997	岡業	null		
cdg-1027	四川省 樂園少女譚	1997	SunSoft	null		
cdg-1031	四川省3000	2002	光譜	TW		
cdg-1033	四川省世界巡迴賽	1990	Lasersoft	null		
cdg-1037	四玲瓏	1992	尋夢園	null		
cdg-1039	四驅車大賽1	1999	ATD	null		
cdg-1040	四驅車大賽2	2000	ATD	null		
cdg-1052	國產凌凌漆	1996	不明	null		
cdg-1055	國際大獎賽98	1998	Midas	null		
cdg-1057	國際超級車賽	1996	Magnetic Fields	null		
cdg-1058	國際高賞金汽車錦標賽	2000	N-Side	null		
cdg-1059	圍棋傳說	2001	晟業	TW		
cdg-1061	圍棋基礎訓練與段位測試	1997	九所	null	晟業	
cdg-1065	圓桌武士：紅龍騎士傳說	2001	Cryo	FR	松崗	
cdg-1066	圓桌武士1	1990	Synergistic	null	精訊	
cdg-1067	圓桌武士2	1991	Synergistic	null	精訊	
cdg-1070	女媧補天：全家福篇	1994	第三波	TW		
cdg-1086	妙賊也瘋狂1	1992	Divide By Zero	null		
cdg-1087	妙賊也瘋狂2	1995	Divide By Zero	null		
cdg-1088	妮娜的願望	1998	翻新資訊	null	鉅盛	
cdg-1091	威力掃蕩	1999	Rage	null	飛拓	
cdg-1092	威力賽車	1994	Rage	null		
cdg-1094	嫉惡如仇	1999	Hothouse	null		
cdg-1096	巫師之怒1	1998	Nival	null		
cdg-1097	巫師之怒2	1998	Nival	null	松崗	
cdg-1107	巫術外傳：復仇者	1996	Sir-Tech	null		
cdg-1112	巴茲奧爾德林的太空競賽	1993	Strategic Visions	null		
cdg-1113	巾幗英雄花木蘭	1998	新資訊科技	null		
cdg-1114	帝國主義1	1997	Frog City	null		
cdg-1115	帝國主義2：拓荒時代	1999	Frog City	null		
cdg-1116	帝國企業	2001	Infograms	null		
cdg-1118	帝國的光榮2：帝國大反擊	1993	萊茵工作室	null	資策科技	
cdg-1119	幕府將軍：全軍破敵	2000	Creative Assembly	null		
cdg-1126	我的牛津藝術學院	1998	Oxford	null	協和	
cdg-1132	求愛任務	1998	Richard	null		
cdg-1137	江湖後傳	1999	金智塔	null		
cdg-1139	汪達爾之心：失落的古文明	2000	Konami	JP	智冠	
cdg-1151	決戰大老二	1999	耀和	null		
cdg-1159	決戰滑鐵盧：拿破崙戰史	2001	BreakAway	null	上海育碧	
cdg-1161	決戰總統府	2000	意念	null		
cdg-1163	決戰西洋棋4000	1992	Interplay Productions	US		
cdg-1164	決戰陸軍棋	2001	新造科技	TW		
cdg-1169	汽車零件庫：虛擬技師	1999	Mekada	null		
cdg-1176	沙丘魔堡2000	1998	Westwood	US		
cdg-1177	沙丘魔堡3000	2001	Westwood	US		
cdg-1180	沙拉那之劍	1995	Legend	null	智冠	
cdg-1181	沙皇之冠	2000	Haemimont	null		
cdg-1183	沼澤地老車大賽	2000	DayLight	null		
cdg-1185	法老	2000	Impressions	null	華彩	
cdg-1197	泥地摩托	1996	Graftgold	null		
cdg-1198	泥地摩托車賽	2002	NAWAR	null		
cdg-1199	泥道賽車	1999	Ratbag	null		
cdg-1200	泥道賽車：短跑車	2000	Ratbag	null		
cdg-1201	泥道賽車2	2001	Ratbag	null		
cdg-1236	洛汗騎兵	1991	Beam	null		
cdg-1247	海盜	1999	Microids	null		
cdg-1248	海盜傳奇	1998	Tivola	null	翻新	
cdg-1254	混沌島：失落的世界	1997	DreamWorks	null		
cdg-1255	混沌控制	1995	Infogrames	FR		
cdg-1258	游素蘭的愛情處方箋	1997	頂尖拍檔	null	松崗	
cdg-1264	滑溜小賽車	1993	Timo Kauppinen	null		
cdg-1269	潘朵拉的盒子	1999	Microsoft	null		
cdg-1274	激爆裝甲	2000	Zono	null		
cdg-1278	亡命暗殺令1	1997	Shiny	null	松崗	
cdg-1279	亡命暗殺令2	2000	BioWare	null		
cdg-1283	亨利與哈利	2001	翻新資訊	null	鉅盛	
cdg-1286	亞特蘭提斯1：失落的傳說	1997	Cryo	FR	第三波	
cdg-1287	亞特蘭提斯2：超越亞特蘭提斯	1999	Cryo	FR	第三波	
cdg-1288	亞特蘭提斯3：新世界	2001	Cryo	FR	第三波	
cdg-1293	亞特蘭提斯之謎動作版	1992	Lucas	null	智冠	
cdg-1302	奇異雪橇車大賽	2000	Driver-Inter	null		
cdg-1303	奇蹟動物園	2004	Enlight	HK	光譜	
cdg-1307	奔馳好手	1999	Ubisoft	FR	第三波	
cdg-1308	奧德賽：尋找尤利西斯	2000	Cryo	FR	英特衛	
cdg-1309	奧斯卡	1994	Flair	null		
cdg-1310	奧林匹亞橋賽1	1993	光譜	TW		
cdg-1311	奧林匹亞橋賽2	2001	光譜	TW		
cdg-1312	奪寶奇謀	2001	4x	null	松崗	
cdg-1313	死亡拉力賽	1996	Remedy	null		
cdg-1315	死亡賽車	1994	InSide Team	null		
cdg-1316	殖民爭霸戰	1997	Windward	null		
cdg-1324	重返中世紀	1998	Microids, Monolith	null		
cdg-1328	野戰精英	2000	Random	null	英寶格	
cdg-1329	野戰雄獅1	2006	ZootFly	null	光譜	
cdg-1333	野蠻世紀之恐龍戰士	2001	捷友	TW	智冠	
cdg-1334	阿凡提尋寶歷險	1997	鉅盛	null		
cdg-1338	阿卡尼亞傳說2	1994	Attic	null		
cdg-1339	阿卡尼亞傳說3	1997	Attic	null		
cdg-1344	阿徹麥克萊恩的美式撞球	1992	Archer Maclean	null		
cdg-1345	阿拉丁之阿布歷險記	1999	迪士尼	null	草莓軟體	
cdg-1346	亞瑪蘭斯	1999	FUGA	JP	歡樂盒	
cdg-1348	阿歷的歡樂牧場	1999	Ubisoft	FR		
cdg-1349	阿比再出擊	1998	Oddworld	null	第三波	
cdg-1350	阿比逃亡記	1997	Oddworld	null		
cdg-1351	阿毛家族系列：我愛恐龍	1995	昱泉	TW		
cdg-1353	阿毛的西洋繪畫之旅	2001	昱泉	TW		
cdg-1359	陰陽幻境	1998	Tribal Dreams	null		
cdg-1360	陸戰英豪之重回戰場	2000	榮欽	null		
cdg-1362	陸軍元帥	1998	DiD	null		
cdg-1364	陽光使命	1998	Media	null		
cdg-1370	青澀寶貝：星座戀愛物語	1999	NEC Interchannel	JP	協和	
cdg-1371	青澀寶貝2	2001	NEC Interchannel	JP	協和	
cdg-1372	青澀寶貝射擊	1999	while	null		
cdg-1376	青蛙過街1	1997	Sony	null		
cdg-1377	青蛙過街2	2000	Blitz	null		
cdg-1384	勇者急先鋒	2001	捷思特	TW		
cdg-1394	勇闖侏儸紀	1997	豐騰科技	null		
cdg-1396	動物園大亨1	2001	Blue Fang	null		
cdg-1406	攻殼總司令	1998	彩意	null	智冠	
cdg-1418	皇帝：中國的崛起	2002	Sierra On-Line	US	松崗	
cdg-1431	科學怪人	1994	Merit Studios	null		
cdg-1432	科學怪人	1995	Amazing Media	null		
cdg-1433	科學怪人	1997	隆元	null	正謙	
cdg-1434	科林麥克雷拉力賽車1	1998	Codemasters	GB		
cdg-1435	科林麥克雷拉力賽車2	2000	Codemasters	GB		
cdg-1445	空中司令	2001	Shrapnel Games	null		
cdg-1451	美國保齡球	1997	Flair	null	松崗	
cdg-1453	美國空戰1918	1997	Aqua	null		
cdg-1454	美國職棒大聯盟97	1996	EA	US		
cdg-1455	美國職棒大聯盟98	1997	EA	US		
cdg-1456	美國職棒大聯盟99	1998	EA	US		
cdg-1457	美國職棒大聯盟2000	1999	EA	US		
cdg-1463	美國陸軍後備隊汽笛車大賽	2002	Hoplite	null		
cdg-1466	美女撲克2	1988	Artworx	null	終結者資訊	
cdg-1483	美少女戰士麻將	1993	日本物產	null	創意科技	
cdg-1486	美少女救援隊	1998	h.m.p	null	歡樂盒	
cdg-1489	美猴王	1997	騰圖聯合電子	null		
cdg-1491	美麗新國度	1999	JoWooD	null		
cdg-1492	美麗新國度2	2001	JoWooD	null	第三波	
cdg-1493	義大利黑手黨	2002	Pixelogic	null		
cdg-1497	音速小子3	1997	SEGA	JP		
cdg-1498	音速小子3與納克魯斯	1997	Sonic	null		
cdg-1499	音速小子大競擊	1998	Sonic	null		
cdg-1502	頑皮小精靈1	1991	Coktel Vision	null		
cdg-1503	頑皮小精靈2：小丑王子	1992	Coktel Vision	null		
cdg-1504	頑皮小精靈3	1993	Coktel Vision	null		
cdg-1509	風暴	1998	Sailon	null		
cdg-1510	風暴行動	2001	Taito	null		
cdg-1516	風火輪：微型賽車	2000	Unique	null		
cdg-1518	風火輪：撞毀	1999	Prolific	null		
cdg-1520	風火輪：特技賽道駕駛員1	1998	Semi Logic	null		
cdg-1521	風火輪：特技賽道駕駛員2	2000	Semi Logic	null		
cdg-1533	風雅對局 本因坊	2001	普威爾	TW		
cdg-1536	風雲麻將	1989	大宇	TW		
cdg-1546	飛龍戰士	1995	SEGA	JP		
cdg-1559	人面蛾	1994	漢堂	TW		
cdg-1563	仕魂	1999	Hanbit	null	華彩	
cdg-1575	代號：爆發	2001	GSC	null		
cdg-1577	代號：鋼鐵行動2	2005	StormRegion	null	光譜	
cdg-1578	代號雄鷹	1999	Refraction	null		
cdg-1580	企業霸主	1997	JoWooD	null		
cdg-1581	企業霸主2	2002	JoWooD	null	松崗	
cdg-1583	企鵝家族2	1999	Workhouse	null	協和	
cdg-1585	伊卡斯特傳說2聖殿詩篇	2000	宏申	null	第三波	
cdg-1587	伊森賽車	2000	Invictus	null	天人互動	
cdg-1594	休妮亞傳說	2000	鑫盛資訊	null	歡樂盒	
cdg-1596	作曲家	1998	坦克軟體	null	勁源光碟	
cdg-1597	侏儸紀公園	1993	Ocean	GB		
cdg-1598	侏儸紀公園：恐龍戰役	2002	Vivendi	null		
cdg-1599	侏儸紀公園3：恐龍防御者	2001	Knowledge	null		
cdg-1605	俄羅斯拼圖	1994	Destiny	null		
cdg-1606	俄羅斯拼盤	1993	MIR Dialogue	null		
cdg-1608	俄羅斯方塊：成人遊戲版	1996	Auric	null		
cdg-1610	俄羅斯方塊2代	1989	太陽軟體	null		
cdg-1611	俄羅斯方塊專業版	1993	Michiel Ouwehand	null		
cdg-1621	俠客遊3	2000	Artdink	JP	第三波	
cdg-1622	俠客遊4	2001	Artdink	JP	第三波	
cdg-1623	俠客遊：前途道標	1999	Artdink	JP	第三波	
cdg-1625	俠客遊：第三之書	2002	Artdink	JP	第三波	
cdg-1631	俠盜獵車手1	1997	DMA Design	null		
cdg-1632	俠盜獵車手2	1999	DMA Design	null		
cdg-1636	信條	1999	Insomnia	null		
cdg-1655	倉頡輸入法	1994	第三波	TW		
cdg-1659	倫敦賽車手1	1999	Davilex	null		
cdg-1660	倫敦賽車手2	2002	Davilex	null	意念數位	
cdg-1663	偷窺狂	1994	Philips	null		
cdg-1664	傑夫賽車	1999	Real Sports	null		
cdg-1665	傭兵戰場1	2000	Raven	null		
cdg-1666	傭兵戰場2	2002	Raven	null	松崗	
cdg-1671	傷心小棧	1995	Microsoft	null		
cdg-1675	先知的魔寶石	1995	ELOI	null	邁點	
cdg-1678	光榮與夢想	2000	火狐狸	null		
cdg-1680	光芒之池：迷斯卓諾遺跡	2002	Stormfront	null	第三波	
cdg-1683	光速戰將	1999	Creat	null	松崗	
cdg-1686	全美卡丁車大賽	1999	Data Becker GmbH	null		
cdg-1689	再戰毀滅公爵	2002	Sunstorm,3D Realms	null		
cdg-1693	冒牌大英雄	2002	捷友	TW		
cdg-1695	冒險奇譚2	2002	Game Arts	null	松崗	
cdg-1697	冰風之谷1	2000	Interplay Productions	US		
cdg-1698	冰風之谷2	2002	Interplay Productions	US		
cdg-1700	凝望戰士	2001	火鳳凰	null		
cdg-1704	封神榜之英雄無敵	2000	聯盟工作室	null		
cdg-1708	專業撞球	1999	Gremlin	null		
cdg-1710	導火線	2000	次方科技	null	智冠	
cdg-1712	忍者龍劍傳1	1990	Tecmo	null		
cdg-1717	忍者龜2：曼哈頓任務	1991	DSI	null		
cdg-1719	快打威龍	1998	鉅盛	null		
cdg-1721	快打旋風2	1993	Capcom	JP		
cdg-1722	快打旋風ZERO	1997	Capcom	JP		
cdg-1723	快打旋風ZERO 2	1998	Capcom	JP		
cdg-1729	快樂俄羅斯	1999	Detonium	null		
cdg-1735	怒海激戰：戰艦指揮官	2001	MicroCabin	null	大宇	
cdg-1737	急速傳說：維倫紐夫的賽車生涯	2002	Ubisoft	FR		
cdg-1738	急速狂飆	1995	NoriaWorks	null		
cdg-1739	急速狂飆500	1999	Melbourne House	null		
cdg-1740	急速碰碰車	2001	Dark Code	null	安峻	
cdg-1746	性感俄羅斯	1992	Dream Team	null		
cdg-1748	怪獸大卡車	1997	Reflections	null		
cdg-1749	恐龍	2000	Ubisoft	FR		
cdg-1754	恐龍大戰	1990	DigiTek	null	新世界	
cdg-1755	恐龍快打	1995	Atari	null		
cdg-1756	恐龍戰士1	1998	Pangea	null		
cdg-1759	恐龍公園大亨	1993	Manley & Associates	null		
cdg-1760	恐龍物語之回到未來	1993	Rozner Labs	null		
cdg-1761	恐龍獵人1	1997	Iguana	null		
cdg-1762	恐龍獵人2	1999	Iguana	null		
cdg-1763	恐龍獵人4	2002	Acclaim	null		
cdg-1765	悅樂之學園	1997	C's ware	null	歡樂盒	
cdg-1769	惡煞車手1	1997	Stainless	null		
cdg-1770	惡煞車手2	1998	Stainless	null		
cdg-1771	惡煞車手3	1998	Torus	null		
cdg-1772	惡靈	2000	Mira Space	null	聖教士	
cdg-1780	惡魔城（Castlevania）	1990	Konami	JP		
cdg-1781	惡魔城2：詛咒的封印	2002	Konami	JP		
cdg-1782	惡魔城傳說	2002	Konami	JP		
cdg-1790	愛麗絲奏鳴曲1：命運之輪	2008	Team Muramasa	null	光譜	
cdg-1791	愛麗絲奏鳴曲2：衝擊代碼	2010	Team Muramasa	null	光譜	
cdg-1792	愛麗絲奏鳴曲3：真相終章	2011	Team Muramasa	null	光譜	
cdg-1793	愛麗絲驚魂記	2000	Rogue Entertainment	null		
cdg-1816	真人美女拳：台灣美少女版	1997	Tensoft	null	旭城	
cdg-1817	真侍魂	1999	Kinesoft	null	普威爾	
cdg-1818	真命龍子	2001	Silver Style	null		
cdg-1823	真神秘島3	2000	Cyan,SunSoft	null		
cdg-1826	睡美人芭比	1999	Gorrila	null		
cdg-1828	神劍傳說2	1996	ECSTASY	null	歡樂盒	
cdg-1841	神探傑克	1997	Toontraxx	null		
cdg-1844	神秘島1	2005	Kheops	null	光譜	
cdg-1846	神秘的俄羅斯方塊	2001	Blue Planet	null		
cdg-1847	神話世紀	2002	Microsoft	null		
cdg-1854	神鬼寓言	1996	Simbiosis	null		
cdg-1858	神鷹突擊隊	1994	金盤電子	null		
cdg-1860	神龍紀元	2001	Ubisort	null		
cdg-1865	禁斷之血族2	1997	C's ware	null	歡樂盒	
cdg-1866	福爾摩斯探案：開膛手傑克	1993	Mythos	null	智冠	
cdg-1867	福爾摩斯探案2：玫瑰紋身案件	1996	Mythos	null		
cdg-1870	福特名車賽1	2000	Elite	null	華義	
cdg-1875	福祿雙霸天2	1993	Titus	null		
cdg-1895	輪迴	2002	寰訊	null		
cdg-1897	轟炸超人	1991	Hudson	null		
cdg-1898	引魂者	2001	Gremlin	null	英特衛	
cdg-1902	彪馬街頭足球	1999	PixelStorm	null		
cdg-1903	影之嶽	1992	Teque London	null	智冠	
cdg-1904	影子兵團	1999	Ubisoft	FR	第三波	
cdg-1905	殺人執照 007	1989	Domark	null		
cdg-1906	殺人月	1994	Access	null	智冠	
cdg-1908	殺無赦1	1997	Bungie	null		
cdg-1909	殺無赦2	1998	Bungie	null		
cdg-1910	殺無赦3：狼世紀	2001	MumboJumbo	null	大宇	
cdg-1911	毀滅公爵1	1991	Apogee	null		
cdg-1912	毀滅公爵2	1993	Apogee	null		
cdg-1913	毀滅公爵3	1996	3D Realms	null		
cdg-1914	毀滅大賽車1	1995	Reflections	null		
cdg-1915	毀滅大賽車2	1996	Reflections	null		
cdg-1916	毀滅巫師	1994	Raven	null		
cdg-1917	毀滅巫師2	1998	Raven	null		
cdg-1920	毀滅戰士2人間地獄	1994	id	null		
cdg-1921	毀滅戰士2終結版	1996	id	null		
cdg-1923	毀滅戰神	1996	Accolade	null		
cdg-1926	生死之間1	1997	創意鷹翔	CN	新意	
cdg-1927	生死之間2：末日傳說	1998	創意鷹翔	CN	華義	
cdg-1928	生化悍將	1995	Origin Systems	US		
cdg-1929	生化悍將1	1994	Xatrix	null		
cdg-1930	生化悍將2	1995	Xatrix	null		
cdg-1931	生死賽車	1997	Ubisoft	FR	聯科	
cdg-1933	生活美語5：遊戲式題庫綜合版	1999	捷思特	TW	冠捷	
cdg-1935	用多媒體學國際象棋	1999	上海鵬達	null		
cdg-1937	用多媒體學圍棋	1997	上海鵬達	null	創越	
cdg-1941	異域鎮魂曲	1999	Interplay Productions	US		
cdg-1942	異塵餘生1	1997	Interplay Productions	US		
cdg-1943	異塵餘生2	1998	Interplay Productions	US		
cdg-1945	異塵餘生戰略版	2001	Micro Forté	null	英特衛	
cdg-1946	異形之緊急動員	1998	Cenozoic	null		
cdg-1947	異形地球	1998	Beam Software	null		
cdg-1948	異形方塊	1989	大宇	TW		
cdg-1949	異星搜奇	1997	Lucas	null	松崗	
cdg-1954	第一次的親密接觸	2002	火鳳凰	null	智冠	
cdg-1955	第七封印：魔神甦醒	2002	智冠	TW		
cdg-1957	第六感之戀	1997	Gloria	null	歡樂盒	
cdg-1964	雀美眉寫真館：真人辣妹版	2001	詮積	null		
cdg-1969	雙截龍3：羅塞塔之石	1992	Technos,Sales Curve	null		
cdg-1974	鱷魚中隊	1999	Atari	null		
cdg-1975	鱷魚冒險記1	1997	Argonaut	null		
cdg-1976	鱷魚冒險記2	2000	Argonaut	null		
cdg-1979	鹹蛋超人	1999	新未來	null	立德	
cdg-1986	麥當勞快樂學英語	2001	昱泉	TW		
cdg-1988	麻將之東方不敗	1997	Catgod	null		
cdg-1995	麻將巨作	2001	Small Rocket	null		
cdg-1996	麻將巨星	2002	帕米爾	null		
cdg-2006	麻將高手 連線挑戰賽	1998	向量科技	null		
cdg-2007	麻辣四川省4	1999	大點科技	null	第三波	
cdg-2017	征服：邊境戰爭	2002	Fever Pitch	null		
cdg-2019	征服狂牛	1999	Radish	null		
cdg-2020	復仇者競賽	1999	Promethean	null		
cdg-2021	微型賽車1	1994	Codemasters	GB		
cdg-2022	微型賽車2	1995	Supersonic	null		
cdg-2023	微型賽車3	1998	ToolBox	null		
cdg-2026	微軟高爾夫1.0	1992	Microsoft	null		
cdg-2027	微軟高爾夫2.0	1994	Access	null		
cdg-2028	微軟高爾夫3.0	1996	Access	null		
cdg-2032	德川家康	1997	Family Soft	null	彩虹	
cdg-2043	紅線	1999	Beyond Games	null		
cdg-2047	紅色越野拉力賽	1995	Big Red	null		
cdg-2055	終極3	1995	Dynamix	US		
cdg-2056	終極3	1996	Dynamix	US		
cdg-2057	終極3	1997	Dynamix	US		
cdg-2058	終極3	1998	Dynamix	US		
cdg-2059	終極3	2000	Dynamix	US		
cdg-2060	終極動員令1	1995	Westwood	US		
cdg-2061	終極動員令2：泰伯倫之日	1999	Westwood	US		
cdg-2063	終極動員令：叛國者	2002	Westwood	US		
cdg-2065	終極動員令：紅色警戒1	1996	Westwood	US		
cdg-2066	終極動員令：紅色警戒2	2000	Westwood	US		
cdg-2068	終極名流高爾夫	1999	Microsoft	null		
cdg-2069	終極戰區1：戰爭地帶	1998	Activision	US	金仕達	
cdg-2070	終極戰區2：戰鬥指揮官	1999	Pandemic	null		
cdg-2071	終極戰士	1997	安峻	null	智冠	
cdg-2073	終極殺陣	2000	Synetic GmbH	null		
cdg-2076	終極火力	1996	Frankenstein	null	第三波	
cdg-2082	終極警探三部曲1	1997	Probe	null		
cdg-2083	終極警探三部曲2	1997	n-Space	null		
cdg-2085	終極遊樂園	2001	Gigawatt	null		
cdg-2087	終極雙陸棋	1994	Sentient	null		
cdg-2088	組裝搖滾	1998	Attica	null	曉騰	
cdg-2091	絕冬城之夜1	2002	BioWare	null		
cdg-2093	絕命淒殺	1998	Warp	null		
cdg-2095	絕地任務	1995	Legend	null	智冠	
cdg-2099	絕地風暴1	1997	Beam	null		
cdg-2100	絕地風暴2：風起雲湧	1998	Beam	null		
cdg-2101	絕對武力	2000	Valve	null		
cdg-2104	絕色天堂	2002	京群	null		
cdg-2106	絶命摧毀	1997	NMS	null	協和	
cdg-2114	綠巨人浩克	2003	Radical	null	松崗	
cdg-2116	綠色小英雄：叢林探險	1999	豐騰科技	null		
cdg-2117	網戰俄羅斯	1998	光譜	TW	光譜	
cdg-2121	網路三國	2000	中華網龍	null	智冠	
cdg-2127	縱橫四海麻將	2002	匯鑫	null	普威爾	
cdg-2129	總統大選之雀戰風雲	2000	向量科技	null	皇統	
cdg-2134	繽紛故事王國1：三隻小豬	1996	聯合電子	null	新雅文化	
cdg-2135	象棋	1985	終結者資訊	null		
cdg-2139	象棋兵法1：單提馬篇	1998	晟業	TW		
cdg-2140	象棋兵法2：反攻馬篇	1998	晟業	TW	智冠	
cdg-2141	象棋兵法3：順炮篇	1999	晟業	TW	智冠	
cdg-2142	象棋兵法4：列炮篇	1999	晟業	TW	智冠	
cdg-2143	象棋兵法5：屏風馬篇	2000	晟業	TW	智冠	
cdg-2146	象棋大師	1987	Fatman	null		
cdg-2157	豪華遙控賽車	1999	Dynamix	US		
cdg-2162	超擬真撞球1	1995	Celeris	null		
cdg-2163	超擬真撞球2	1997	Celeris	null		
cdg-2164	超擬真撞球3	2000	Celeris	null		
cdg-2165	超擬真撞球：司諾克	1996	Celeris	null		
cdg-2166	超擬真桌球1	1998	WizardWorks	null		
cdg-2167	超擬真桌球2	2002	Groove	null		
cdg-2169	超擬真飛行	1999	Terminal Reality	null	華義	
cdg-2170	超新星戰記	1996	Looking Glass	null	松崗	
cdg-2179	超未來極速獵車	2001	Nikita	null	新造科技	
cdg-2180	超炫3	2001	鶴見	null		
cdg-2181	超立體彈珠台	1996	Spidersoft	null		
cdg-2185	超級俄羅斯	1999	新造科技	TW		
cdg-2188	超級出租車	2000	KingCab	null		
cdg-2189	超級卡丁車	1995	Manic Media	null		
cdg-2190	超級卡車競技1	1996	Terminal Reality	null		
cdg-2191	超級卡車競技2	1998	Terminal Reality	null		
cdg-2192	超級台灣麻將	2000	新造科技	TW		
cdg-2196	超級摩托王	2000	Dawn	null		
cdg-2197	超級摩托車2000	2000	Milestone	null		
cdg-2198	超級摩托車2001	2001	Milestone	null		
cdg-2199	超級摩托魂	1999	Milestone	null		
cdg-2202	超級國際象棋	1993	普威爾	TW		
cdg-2203	超級國際象棋2	1994	普威爾	TW		
cdg-2205	超級天九	1990	船塢資訊	null	資訊週刊	
cdg-2208	超級小蜜蜂	1992	Taito	null		
cdg-2210	超級彈子台	1993	Epic MegaGames	null		
cdg-2211	超級彈珠王	1996	Ikarion	null		
cdg-2213	超級怪精靈	1998	Siria	null	中科	
cdg-2216	超級比一比：絕色經典	2000	明日科技	null	智冠	
cdg-2218	超級磚塊	1998	BWM	null		
cdg-2219	超級競速大賽	1996	Sony	null		
cdg-2220	超級賽車	1995	Tom Fresen	null		
cdg-2221	超級超越競速	1990	SEGA	JP		
cdg-2222	超級越野賽車	1994	InSide Team	null		
cdg-2223	超級越野賽車1	1993	Magnetic Fields / Pixelkraft	null		
cdg-2224	超級越野賽車2	1996	Magnetic Fields / Pixelkraft	null		
cdg-2226	超級運動員2	1998	Presage	null	第三波	
cdg-2227	超級遙控名車賽	2002	BumbleBeast	null		
cdg-2234	超速駕駛	1995	Psionic	null		
cdg-2236	越野摩托大獎賽	1999	Dawn	null		
cdg-2237	越野摩托王	2002	Dawn	null		
cdg-2238	越野摩托賽事	2000	Criterion	null		
cdg-2239	越野滑雪賽車2000	1999	Second South	null	第三波	
cdg-2245	越野車拉力賽	2000	ATV IAEG	null		
cdg-2246	越野鄉巴佬賽車	2001	Rage	null		
cdg-2247	趣味四川麻將	2000	奈德	null		
cdg-2249	足球小子	1993	Krisalis	null	松崗	
cdg-2250	足球總動員2000	1999	Iridon	null	宇盛	
cdg-2251	跳棋	1983	Rick Borgen	null		
cdg-2252	跳棋小精靈	2000	智冠	TW		
cdg-2254	踩地雷	1993	Jouni Miettunen	null		
cdg-2255	踩地雷	1995	Microsoft	null		
cdg-2256	黃金傳奇	1997	Cryo	FR	第三波	
cdg-2257	黃金印象	2000	index+	null	松崗	
cdg-2258	黃金島	1998	Jamie	null	富峰群	
cdg-2262	黎明之砧	1995	DreamForge	null	智冠	
cdg-2267	黑旋風	1993	Gremlin	null	智冠	
cdg-2270	黑暗之蠱2	1996	Cyberdreams	null	松崗	
cdg-2272	黑暗帝國1	1997	Auran	null	億弘	
cdg-2273	黑暗帝國2	2000	Pandemic	null		
cdg-2275	黑暗王座2天命守護者	1997	Westwood	US	第三波	
cdg-2276	黑暗王座3	1999	Westwood	US		
cdg-2279	黑石	1997	Victor Barykin	null		
cdg-2292	教育實習：女子校生慾望之激狂	1999	Tetratech	null	歡樂盒	
cdg-2295	敵對水域	2001	Rage	null		
cdg-2297	數字王國歷險記	1999	鉅盛	null	正謙	
cdg-2298	數字翹家記	1998	鉅盛	null	正謙	
cdg-2305	文明帝國3	2001	Firaxis	null		
cdg-2310	文明帝國：權傾天下2	2001	Activision	US	第三波	
cdg-2321	新俄羅斯方塊	1999	Blue Planet	null	業訊	
cdg-2325	新同居時代	1999	SoftAction	null	怡碩	
cdg-2329	新官能教習1	2001	伊思儷	TW		
cdg-2330	新官能教習2：女奴俱樂部	2002	伊思儷	TW		
cdg-2335	新接龍	1995	Microsoft	null		
cdg-2336	新毀滅巫師	1995	Raven	null		
cdg-2337	新毀滅巫師2	1997	Raven	null		
cdg-2344	新立體桌球 3	2000	CoinMan	null		
cdg-2353	英雄任務	1991	Gremlin	null		
cdg-2355	新英雄傳說3：白髮魔女	1999	Falcom	JP	協和	
cdg-2356	新英雄傳說4：朱紅之淚	2000	Falcom	JP	新天地	
cdg-2363	新阿貓阿狗	1999	KnowWare	null		
cdg-2365	方塊	1991	Armenica	null	智冠	
cdg-2373	旭日東昇1	1997	Cyclone	null		
cdg-2374	旭日東昇2	1998	Cyclone	null		
cdg-2377	昇剛：機器人大戰	1998	Monolith	null		
cdg-2399	星座	2001	主安科技	null		
cdg-2402	星海梟雄1	1997	Particle	null	英特衛	
cdg-2406	星海風暴	1999	JoyMax	null		
cdg-2407	星際反抗軍之資源爭奪戰	1997	Logic Factory	null	第三波	
cdg-2409	星際大戰西洋棋	1993	Software Toolworks	null		
cdg-2411	星際大戰：俠盜中隊	1998	Factor 5	null	松崗	
cdg-2412	星際大戰：鈦戰機	1994	Totally Games	null	松崗	
cdg-2413	星際大爭霸	1999	Taito	null	普威爾	
cdg-2415	星際彈珠台	1996	Volume 11	null		
cdg-2416	星際爭霸彈子台	1998	Sales Curve	null		
cdg-2418	星際爭霸戰：Klingon	1996	Simon & Schuster	null		
cdg-2419	星際爭霸戰：Borg	1996	Simon & Schuster	null		
cdg-2420	星際爭霸戰：New Worlds	2000	14 Degrees East	null		
cdg-2422	星際爭霸戰：Starfleet Command	1999	14 Degrees East	null		
cdg-2423	星際爭霸戰：Starfleet Command 2 - Empires at War	2000	Taldren	null		
cdg-2425	星際爭霸戰：Starship Creator	1998	Imergy	null		
cdg-2426	星際爭霸戰：Starship Creator Warp 2	2000	Imergy	null		
cdg-2430	星際爭霸戰：Armada	2000	Mad Doc	null		
cdg-2431	星際爭霸戰：Armada 2	2001	Mad Doc	null		
cdg-2432	星際爭霸戰：遊戲秀	1998	Sound Source	null		
cdg-2433	星際爭霸戰：Away Team	2001	Reflexive	null		
cdg-2435	星際爭霸戰：Hidden Evil	1999	Presto	null		
cdg-2436	星際爭霸戰：Klingon Academy	2000	14 Degrees East	null		
cdg-2438	星際爭霸戰5：The Final Frontier	1989	Level Systems	null		
cdg-2439	星際神鷹	1997	High Voltage Software	null		
cdg-2443	時空小精靈	1995	Atreid Concept	null		
cdg-2446	時空戰士（Möbius Link REAL）	2000	I.MAGIC	null	協和	
cdg-2451	時鐘塔	1997	Human	null		
cdg-2452	時間機器	2001	Cryo	FR	英特衛	
cdg-2453	智商180	1990	第三波	TW		
cdg-2454	智高推推樂	1998	鉅盛	null		
cdg-2455	暗棋	1988	第三波	TW		
cdg-2456	暗棋三國志	1997	力藝	null		
cdg-2457	暗棋大師	1998	光譜	TW		
cdg-2460	暗棋總動員	1997	智冠	TW		
cdg-2463	暗黑拳王	1997	Frankenstein	null		
cdg-2464	暗黑殖民地	1997	ART	null		
cdg-2465	暗黑破壞神1	1996	Blizzard	US		
cdg-2466	暗黑破壞神2	2000	Blizzard	US		
cdg-2469	暴力摩托	1996	Papyrus	null		
cdg-2471	暴走出租車	2001	Stellar Stone	null		
cdg-2472	暴走機車世界	2001	Attention to Detail	null		
cdg-2473	暴走汽車大賽	2000	DayLight	null		
cdg-2497	最酷的酷企鵝：瘋狂	1997	Sanrio	null	皇統	
cdg-2500	石器時代	1992	Stonehenge	null		
cdg-2503	硬卡車1	1998	SoftLab-NSK	null	業訊	
cdg-2504	硬卡車2	2000	SoftLab-NSK	null		
cdg-2506	硬核4	1997	Gremlin	null		
cdg-2507	碟形世界1	1995	TWG,Perfect 10	null		
cdg-2508	碟形世界2：死亡字節	1996	Perfect Entertainment	null		
cdg-2510	碧雪情天之俠侶情緣	2002	創意鷹翔	CN	元古	
cdg-2514	聖劍啟示錄	1996	Synthetic	null		
cdg-2531	聖劍奇兵	1999	亞博克	null	智冠	
cdg-2546	迪士尼泰山	1999	Eurocom	null		
cdg-2547	迪士尼泰山：活動中心	1999	Disney	null		
cdg-2548	迪士尼泰山叢林大冒險	1999	Disney	null		
cdg-2550	迪斯尼卡通賽車	2001	Crystal Dynamics	null		
cdg-2551	迴力鏢破壞者	2000	Ganymede	null	松崗	
cdg-2559	迷霧之島1	1994	Cyan	null		
cdg-2560	迷霧之島2	1998	Cyan	null	憶弘	
cdg-2561	迷霧之島3	2001	Presto	null		
cdg-2570	通卡怪獸大卡車	2001	Data Design	null		
cdg-2573	連珠終結者	2002	溫向東	null		
cdg-2574	連環新接龍	2001	Microsoft	null		
cdg-2575	連環殺手	1999	VCC	null		
cdg-2577	遁入黑暗	1995	Delphine	null		
cdg-2578	遊戲之王：夢指引	2002	新銳數字娛樂	null		
cdg-2582	遊牧王朝	2000	7th BitLabs	null	皇統	
cdg-2587	遙控特技賽車	2001	Team17	null		
cdg-2588	遙控車橫行天下	2002	Creat Studio	null		
cdg-2592	邪神傳說	1992	智冠	TW		
cdg-2600	雪上摩托冠軍賽	2002	Vicarious Visions	null		
cdg-2602	雪山尋寶	1998	TLC	null	神通	
cdg-2604	雪樂山傷心小棧與黑桃	1998	Sierra On-Line	US		
cdg-2607	雪樂山單字遊戲大全1	1999	Sierra On-Line	US		
cdg-2611	雪樂山戰艦與戰爭	1998	Sierra On-Line	US		
cdg-2613	雪樂山接龍與四川麻將	1998	Sierra On-Line	US		
cdg-2614	雪樂山撲克	1997	Sierra On-Line	US		
cdg-2615	雪樂山撲克遊戲大全2	1998	Sierra On-Line	US		
cdg-2621	雪樂山撲克遊戲大全3	1998	Sierra On-Line	US		
cdg-2625	雪樂山橋牌	1996	Sierra On-Line	US		
cdg-2626	雪樂山橋牌與龍克牌	1998	Sierra On-Line	US		
cdg-2629	雪樂山益智遊戲大全3	1999	Sierra On-Line	US		
cdg-2632	雪樂山經典益智遊戲大全	1997	Sierra On-Line	US		
cdg-2634	雪樂山經典遊戲集1	1995	Sierra On-Line	US		
cdg-2638	雪樂山角子機與視頻撲克1	1999	Sierra On-Line	US		
cdg-2645	雪樂山賭博遊戲大全1	1996	Sierra On-Line	US		
cdg-2646	雪樂山賭博遊戲大全2	1997	Sierra On-Line	US		
cdg-2652	雪樂山賭博遊戲大全3	1998	Sierra On-Line	US		
cdg-2653	雪樂山賭博遊戲大全4	1999	Sierra On-Line	US		
cdg-2658	雲斯頓2000	1999	Stormfront	null		
cdg-2659	雲斯頓賽車1	1994	Papyrus	null		
cdg-2660	雲斯頓賽車1999年版	1999	Papyrus	null		
cdg-2661	雲斯頓賽車2	1996	Papyrus	null		
cdg-2664	雲斯頓賽車3	1999	Papyrus	null		
cdg-2665	雲斯頓賽車4	2001	Papyrus	null		
cdg-2666	雲斯頓賽車傳奇	1999	Papyrus	null		
cdg-2667	雲斯頓賽車熱力	2000	Monster Games	null		
cdg-2668	雲斯頓賽車進化	1999	Stormfront	null		
cdg-2670	雷射超人1	1996	Ubisoft	FR	聯科	
cdg-2671	雷射超人2	1999	Ubisoft	FR		
cdg-2673	雷射超人大亂鬥	2001	Ubisoft	FR	英特衛	
cdg-2674	雷射超人英語闖通關	1999	Ubisoft	FR	昱泉	
cdg-2677	雷神之鎚2	1997	id	null		
cdg-2678	雷神之鎚3：競技場	1999	id	null		
cdg-2680	雷神小組	1997	Taito	null	普威爾	
cdg-2682	雷電2	1997	Seibu	null	普威爾	
cdg-2686	雷電小天使	2000	Sting	null	會宇	
cdg-2687	雷霆戰機	1999	Jamie	null		
cdg-2688	雷霆殺陣	2000	Phenom	null	皇統	
cdg-2691	電光人	1992	X LanD	null		
cdg-2694	電擊車	2002	Epsitec SA	null		
cdg-2695	電梯大作戰	2000	Taito	null	普威爾	
cdg-2696	電腦奇幻屋	1997	巨璣	null		
cdg-2704	霸王賽車	1997	Vivid	null		
cdg-2710	霹靂小子	1997	Actual Entertainment	null	富爾特	
cdg-2723	夢幻俄羅斯方塊	1993	Tommi Tarkiainen	null		
cdg-2724	夢幻俄羅斯方塊1	1997	Magnussoft	null		
cdg-2725	夢幻俄羅斯方塊2	2002	Magnussoft	null		
cdg-2737	夢幻彈珠檯2	1994	Spidersoft	null		
cdg-2738	夢幻彈珠檯豪華版	1994	Spidersoft	null		
cdg-2739	夢幻戰士	1997	Cryo	FR		
cdg-2744	夢幻模擬戰千年紀	2002	Masaya	null	依星	
cdg-2755	夢幻遙控車	1999	Acclaim	null		
cdg-2760	夢幻麻將館1	2000	伊思儷	TW		
cdg-2761	夢幻麻將館2：麻將世家	2001	伊思儷	TW		
cdg-2762	夢幻麻將館3：雀王碟姬	2001	伊思儷	TW		
cdg-2763	夢幻麻將館4：麻雀傳說	2002	伊思儷	TW		
cdg-2764	夢幻麻將館5：雀戰風雲	2002	伊思儷	TW		
cdg-2765	夢幻麻將館6：雀神傳說	2002	伊思儷	TW		
cdg-2772	疾速毀滅者	1997	Greenwood	null	玩家天地	
cdg-2773	痞子冠軍秀	2001	白金家族	null	大宇	
cdg-2774	痞子英雄	1996	Microtime	null		
cdg-2776	瘋狂主題樂園	1999	Bullfrog	GB		
cdg-2777	瘋狂卡車1	2002	Eutechnyx	null		
cdg-2782	瘋狂大賽車3	1992	Titus	null	漢堂	
cdg-2783	瘋狂大飆車1	1993	Cryo	FR		
cdg-2784	瘋狂大飆車2	1996	Cryo	FR		
cdg-2785	瘋狂大飆車3	2001	Cryo	FR	英特衛	
cdg-2786	瘋狂彈珠台	1999	Ganymede	null		
cdg-2787	瘋狂怪獸大卡車	2001	Iridon	null		
cdg-2788	瘋狂卡丁車	1995	Manic Media	null		
cdg-2791	瘋狂摩托車1	1998	Rainbow	null		
cdg-2792	瘋狂摩托車2	2000	Rainbow	null		
cdg-2797	瘋狂空間王	2001	光譜	TW		
cdg-2798	瘋狂計程車1	2002	Hitmaker	null		
cdg-2800	瘋狂象棋	1999	Cosmi	null		
cdg-2809	瘋狗1	1992	ALG	null		
cdg-2810	瘋狗2：失落的黃金	1994	ALG	null		
cdg-2818	精靈大師：巧手勞作屋	1999	Infogrames	FR	曉騰	
cdg-2831	虛擬卡丁車	1995	MPS	null		
cdg-2832	虛擬拼圖	2000	Ganymede	null	松崗	
cdg-2833	虹彩六號1	1998	Red Storm	null		
cdg-2834	虹彩六號2	1999	Red Storm	null		
cdg-2835	虹彩六號3	2003	Red Storm	null	松崗	
cdg-2839	蛇王之寶珠傳說	1996	捷鴻	null		
cdg-2841	蛋頭小子古堡尋奇	1997	包爾科技	null		
cdg-2849	蠟筆小新2	2001	Siria	null	協倫	
cdg-2851	蠻牛闖天關	2000	Revistronic	null	皇統	
cdg-2853	辛辣娛樂城	2001	伊思儷	TW		
cdg-2854	辣妹五子棋	2001	伊思儷	TW		
cdg-2855	辣妹大進擊	1997	Kronos	null		
cdg-2856	辣妹賽車1	2000	Small Rockets	null		
cdg-2857	辣妹賽車2	2001	Small Rockets	null		
cdg-2858	農夫也瘋狂	1999	Lupine	null		
cdg-2860	金剛戰神	2002	Magic	null	娛樂軟體	
cdg-2885	釣鱸高手1	1995	Dynamix	US		
cdg-2886	釣鱸高手2	1996	Dynamix	US		
cdg-2887	釣鱸高手3	1999	Dynamix	US		
cdg-2888	鈦戰機2	1995	Epic MegaGames	null		
cdg-2889	銀河前哨	2001	Gizmo	null		
cdg-2890	銀河前哨	1996	Stormfront	null		
cdg-2891	銀河前哨：深空九號：墮落者	2000	The Collective	null		
cdg-2897	銀河征戰錄	1999	Dynamix	US		
cdg-2900	銀河生死鬥2	2001	Dynamix	US		
cdg-2910	銀河飛將：私掠者2	1996	Origin Systems	US		
cdg-2913	銀河飛將3：虎之心	1994	Origin Systems	US		
cdg-2914	銀河飛將4：自由的代價	1996	Origin Systems	US		
cdg-2915	銀河飛將5：神諭	1997	Origin Systems	US		
cdg-2922	銀翼殺手	1997	Westwood	US	新天地	
cdg-2927	凡爾賽之宮廷疑雲	1997	Cryo	FR	第三波	
cdg-2929	凱撒大帝1	1993	Impressions	null		
cdg-2931	凱撒大帝3	1998	Impressions	null	第三波	
cdg-2932	凱撒大帝4	2006	Tilted Mill	null	松崗	
cdg-2936	凶兆	1997	Take-Two	null	英特衛	
cdg-2937	刀劍封魔錄	2002	像素軟件	null	英特衛	
cdg-2943	利斯之城	1998	Exortus	null	業訊	
cdg-2946	刺客任務1：殺手47	2000	IO	null		
cdg-2947	刺客任務2：無聲殺手	2002	IO	null	天人互動	
cdg-2964	創世紀2：女巫的復仇	1985	Origin Systems	US	智冠	
cdg-2972	創世紀9：羽化昇天	1999	Origin Systems	US		
cdg-2973	創世紀企業王國	2000	匯智	null	第三波	
cdg-2974	創世紀前傳：阿卡拉貝	1998	Richard Garriott	null		
cdg-2980	創世魔法師：異教巫師	1994	TAG	null		
cdg-2983	創龍傳	1998	Makkoya	null	梵太師	
cdg-2991	劍靈2：幻域封魔	2002	大新	null		
cdg-2996	加菲貓：陷入困境	1996	SEGA	JP		
cdg-2999	加菲貓	1998	草莓軟體	TW		
cdg-3001	加菲貓的瘋狂愛貓	1999	FiniteMonkey	null		
cdg-3003	勁爆熱舞	2002	Konami	JP		
cdg-3004	勁爆美國棒球	1997	Infinite Monkey	null		
cdg-3005	勁爆美國棒球99	1998	Infinite Monkey	null		
cdg-3012	勁爆美國職籃95	1994	EA	US		
cdg-3013	勁爆美國職籃96	1995	EA	US		
cdg-3016	勁爆美國職籃99	1998	EA	US		
cdg-3017	勁爆美國職籃2000	1999	EA	US		
cdg-3018	勁爆美國職籃2001	2000	EA	US		
cdg-3026	手機少女	2008	工畫堂	JP	光譜	
cdg-3027	手談	1996	豐海	null		
cdg-3033	拂曉出擊：珍珠港	2001	MAUS	null	名宇	
cdg-3035	拉里拉格蘭4	2001	Xpiral	null		
cdg-3036	拖拉機大賽	1997	世紀鼎點	null		
cdg-3039	拱豬大賽	1997	世紀鼎點	null		
cdg-3040	拿斯卡公路冠軍賽	1999	FarSight	null		
cdg-3041	拿斯卡賽手	2000	Software Creations	null		
cdg-3043	指揮官 1914	2002	Trinode	null	光譜	
cdg-3045	捍衛長空	2000	NovaLogic	null	華彩	
cdg-3052	接龍	1995	Microsoft	null		
cdg-3054	搶救麥卡星	2000	Lexis Numerique	null	曉騰	
cdg-3055	摩托艇超級錦標賽	2000	Fiendish	null		
cdg-3056	摩托車越野賽	1997	Balazs Rozsa	null		
cdg-3057	摩托雷神1	1997	Delphine	null		
cdg-3058	摩托雷神2	1998	Delphine	null		
cdg-3059	摩托雷神3	2001	Delphine	null		
cdg-3062	撲克大決戰	2002	新造科技	TW		
cdg-3065	未來零點	2000	Osis	null	地球村	
cdg-3067	末日危城1	2002	GPG	null		
cdg-3069	末日大戰	1996	Mirage	null		
cdg-3071	末日決戰	2000	潤民實業	null	智冠	
cdg-3073	本田嘉實多車隊	1998	IEL	null		
cdg-3074	本田嘉實多車隊2000	2000	IEL	null	華義	
cdg-3075	本田錦標賽1	1997	Codemasters	GB		
cdg-3076	本田錦標賽2	1999	Codemasters	GB		
cdg-3078	杏林也瘋狂	2001	Bullfrog	GB		
cdg-3080	東方傳記	1998	安峻	null		
cdg-3085	林間學校	1996	Foster	null		
cdg-3086	柏德之門1	1998	BioWare	null	英特衛	
cdg-3087	柏德之門2	2000	BioWare	null	英特衛	
cdg-3089	校園戀愛大戰	2005	戲寶	null	光譜	
cdg-3091	格蘭匹治大賽卡雷拉站	2001	IG	null		
cdg-3092	格鬥天王99	2000	SNK	null		
cdg-3096	桃色幻想曲	2001	伊思儷	TW		
cdg-3101	棋牌大師之圍棋	1999	威孚	null		
cdg-3104	森林小精靈	1994	CAPS	null		
cdg-3105	森林野趣	1999	BBC	null	協和	
cdg-3117	極樂大進擊	1998	美夢成真	TW		
cdg-3118	極樂瘋狂大賽車	2001	Akaei	null	億泰利	
cdg-3120	極樂麻將	2002	伊思儷	TW		
cdg-3121	極速	1999	Probe	null		
cdg-3122	極速地帶	1997	Digital Point	null		
cdg-3123	極速快感1	1995	EA	US		
cdg-3124	極速快感2	1997	EA	US		
cdg-3125	極速快感3	1998	EA	US		
cdg-3126	極速快感4	1999	EA	US		
cdg-3127	極速快感5	2000	EA	US		
cdg-3128	極速快感6	2002	EA	US		
cdg-3139	極速摩輪之曼島大賽	1997	SEGA	JP	鼎昌	
cdg-3141	極道車魂	1999	Reflections	null		
cdg-3143	極限模擬飛行	2001	Victory	null		
cdg-3147	極限運動	2001	Innerloop	null		
cdg-3148	極限運動全集	1999	WayForward	null		
cdg-3150	榮耀之翼	1995	Origin Systems	US		
cdg-3151	榮耀戰場	1993	MicroProse	US		
cdg-3155	榮譽勳章：反攻諾曼第	2002	'2015'	null		
cdg-3162	樂在棋中：12生肖童話樂園	1998	正謙	null		
cdg-3163	樂高主題公園	2000	Krisalis	null		
cdg-3164	樂高絕技賽車	2000	Intelligent Games	null		
cdg-3168	標準台灣麻將	null	董鎌盛	null		
cdg-3171	模擬主題樂園	2001	Bullfrog	GB		
cdg-3172	模擬公園	1996	Maxis	US		
cdg-3183	模擬市民1	2000	Maxis	US		
cdg-3188	模擬捷運：交通巨人	2000	JoWooD	null	松崗	
cdg-3189	模擬星城	2001	Mucky Foot	null	第三波	
cdg-3191	模擬樂園2	2002	Chris Sawyer	null		
cdg-3196	模擬螞蟻	1991	Maxis	US	智冠	
cdg-3201	模擬過山車	2000	Reactor	null		
cdg-3202	模擬過山車	1993	Code To Go	null		
cdg-3204	模擬鄰居2	2004	JoWood	null	光譜	
cdg-3205	模擬野生動物園	1998	Maxis	US		
cdg-3207	模擬飛航	1998	AQUA	null	俊伸	
cdg-3208	模擬飯店1	2002	Enlight	HK	松崗	
cdg-3209	模擬飯店2	2008	Enlight	HK	松崗	
cdg-3211	橘子噗噗車	2000	遊戲橘子	null		
cdg-3215	機器戰警電玩版	1989	Ocean,Data East	null	精訊	
cdg-3216	機械戰神	1996	Kinesoft	null	普威爾	
cdg-3218	機甲戰士	1999	I'll Soft	null	旭力亞	
cdg-3219	機甲戰神	1995	Family Production	null	歡樂盒	
cdg-3221	機甲爭霸戰：新月鷹的復仇	1990	Westwood	US		
cdg-3222	機甲爭霸戰：新月鷹的誕生	1988	Westwood	US		
cdg-3223	機甲爭霸戰1	1989	Dynamix	US		
cdg-3225	機甲爭霸戰3	1999	Microprose	US		
cdg-3234	橫版俄羅斯方塊	1994	PC Solutions	null		
cdg-3236	櫻桃小丸子	1996	Sakura	null	草莓軟體	
cdg-3243	火力回歸1	1996	Silent	null	普威爾	
cdg-3244	火力回歸2	1998	Silent	null		
cdg-3246	火星也瘋狂	2000	Church	null		
cdg-3247	火星計畫	2000	工畫堂	JP	協和	
cdg-3248	火星計畫2	2000	工畫堂	JP	協和	
cdg-3252	火熱狂飆	1998	MediaTech	null		
cdg-3253	火爆鄉巴佬1	1997	Xatrix	null		
cdg-3255	火箭寶貝	1999	蕃茄	null	智冠	
cdg-3258	火線大風暴	1996	熊貓	TW		
cdg-3259	火線獵殺	2001	Red Storm	null		
cdg-3263	炎黃戰蚩尤	1995	第三波	TW	宏碁	
cdg-3267	炮灰向前衝	2002	火鳳凰電腦	null	金版電子	
cdg-3268	烈火少林	1997	Mascot	null	中國標準出版社	
cdg-3272	烏鷺之三國英雄	2000	晟業	TW		
cdg-3273	烏龍院	1997	智冠	TW		
cdg-3280	無人永生1	2000	Monolith	null		
cdg-3281	無人永生2：危險間諜	2002	Monolith	null		
cdg-3285	無尾熊哈奇系列：生活常識配對配	2001	正謙	null		
cdg-3286	無敵中國象棋	1999	新造科技	TW		
cdg-3287	無盡的旅程1	1999	Funcom	null	松崗	
cdg-3289	無聲狂嘯	1996	Cyberdreams	null	松崗	
cdg-3292	無限飛行1	1995	LookingGlass	null	松崗	
cdg-3293	無限飛行2	1997	LookingGlass	null		
cdg-3294	無限飛行3	1999	LookingGlass	null		
cdg-3297	煉獄刀鋒	2001	Rebel	null	松崗	
cdg-3298	煙火挑戰者	2000	魔法	null	華義	
cdg-3301	熱力美國職棒1999	1998	Team .366	null		
cdg-3302	熱力美國職棒2000	1999	Team .366	null		
cdg-3307	熱力賽車	2002	Razorworks	null		
cdg-3309	熱血棒球	2002	Humongous	null	第三波	
cdg-3310	熱血江湖	2002	Sego	null	億泰利	
cdg-3311	熱血足球	2002	Humongous	null	第三波	
cdg-3314	熱血飛車	1996	SEGA	JP	鼎昌	
cdg-3315	熱血飛車之極速悍將	1997	SEGA	JP	鼎昌	
cdg-3318	熾炎傳說	2001	宏申	null	智冠	
cdg-3319	熾焰帝國	2002	Phantagram	null	茂為	
cdg-3325	爆爆急急豆	1998	福茂,友尚	null		
cdg-3327	爆破賽車	1999	Pitbull Syndicate	null		
cdg-3333	爆裂電光球	1997	Beyond Reality	null	歐樂影視	
cdg-3334	託林通道	1995	Sierra On-Line	US		
cdg-3335	記憶大王	2001	明日科技	null	智冠	
cdg-3336	記憶拍檔：蔬果篇	1995	第三波	TW		
cdg-3337	詞彙都市：大獎賽版	1995	SWK	null		
cdg-3340	謎之寵物	2000	猛獁世紀	null	主旗科技	
cdg-3341	貨車也瘋狂1	1998	Tantrum	null		
cdg-3342	貨車也瘋狂2	2000	MotorSims	null		
cdg-3343	貨車也瘋狂3：專業賽車	2001	MotorSims	null		
cdg-3346	賭博電玩大合集：賭船號	1999	鉅盛	null	秀橋	
cdg-3351	賭神2000	1998	博亞	null		
cdg-3353	賽跑棋	1990	船塢資訊	null		
cdg-3362	孔明棋	1998	普威爾	TW		
cdg-3367	學園退魔傳玲子2	1999	Trush	null	歡樂盒	
cdg-3369	孿生物語	1999	富士通	null	第三波	
cdg-3375	戰地1：亞爾丁戰役	1995	Talon Soft	null		
cdg-3376	戰地2：蓋茨堡戰役	1995	Talon Soft	null		
cdg-3377	戰地3：滑鐵盧戰役	1996	Talon Soft	null	彩虹高	
cdg-3381	戰地風雲1942	2002	DICE	null		
cdg-3384	戰慄時空1	1998	Valve	null		
cdg-3389	戰慄殺手	2000	Rewolf	null	華彩	
cdg-3395	戰爭上古代藝術	1992	Evryware	null	第三波	
cdg-3396	戰爭島群	1997	Titanic	null		
cdg-3397	戰爭藝術：世紀之戰	2002	Norm Koger	null	世紀雷神	
cdg-3398	戰爭遊戲	1995	Quantum Quality	null		
cdg-3400	戰神2	1993	SSG	null	智冠	
cdg-3401	戰神3：英雄王朝	1997	SSG	null		
cdg-3403	戰神：狂神天威	2001	SSG	null	第三波	
cdg-3405	戰神：狂神天威3	2004	Infinite Interactive	null	光譜	
cdg-3407	戰鎚1：角鼠之影	1995	Mindscape	null		
cdg-3408	戰鎚2：黑暗預兆	1998	Mindscape	null		
cdg-3411	戰鬥模擬飛行1：二戰歐洲系列	1998	Microsoft	null		
cdg-3412	戰鬥模擬飛行2：第二次世界大戰南太平洋戰場	2000	Microsoft	null		
cdg-3413	戰鬥模擬飛行3：歐洲之戰	2002	Microsoft	null		
cdg-3414	戰鬥飛車	1994	New World Computing	US	智冠	
cdg-3419	芭比新潮美髮師	1998	Mattel	null	草莓軟體	
cdg-3421	花曆	2002	Cyc	JP	協和	
cdg-3426	英倫霸主2	1996	Impressions Games	null		
cdg-3433	英雄傳奇5：龍火	1998	Yosemite	null		
cdg-3447	英雄本色：帝國霸業	1999	KSS	JP	智冠	
cdg-3449	英雄聖戰2	2001	美夢成真	TW	第三波	
cdg-3453	莫蒂爾1	1999	Mirage	null		
cdg-3456	華容道	1988	李天啟	null		
cdg-3457	華容道大師3000	2001	茅吉	null		
cdg-3459	萬夫莫敵：聖女傳	2004	Enlight	HK	光譜	
cdg-3460	萬獸之王	2005	SystemSoft	JP	光譜	
cdg-3461	萬神殿	2000	Quicksilver	null		
cdg-3462	萬聖夜驚魂	2002	紅紫科技	null	智冠	
cdg-3469	蒼穹霸主1	2002	Nival	null	松崗	
cdg-3470	蒼穹霸主2	2004	Nival	null	光譜	
cdg-3472	蓋亞大地傳說	2001	酷一科技	null	大宇	
cdg-3481	藝術才子：天才小畫匠	1998	映夢文化	null		
cdg-3483	鼠賊一窩	2002	紅紫科技	null		
cdg-3488	聲控麻將王	2000	光譜	TW		
cdg-3491	肌肉賽車1	2001	Small Rockets	null		
cdg-3492	肌肉賽車2	2002	3 Romans	null		
cdg-3501	爭戰天下	2000	Trigger	null	聖教士	
cdg-3505	特勤機甲隊2高級版：前進戰場	1999	工畫堂	JP	華義	
cdg-3509	特技賽車	1990	DS	null		
cdg-3511	特技飛車2	1990	Tengen	null		
cdg-3512	特技駕駛員	1990	Sphere	null		
cdg-3514	特種部隊1	1998	Zombie	null	協和	
cdg-3515	特種部隊2	1999	Zombie	null		
cdg-3516	狂暴摩托越野賽	2000	Deibus	null		
cdg-3517	狂暴競速賽	1996	Hexerei	null		
cdg-3518	狂熱彈珠檯	1995	Spidersoft	null		
cdg-3519	狂熱車賽	1996	Tangor	null		
cdg-3523	狂飆越野賽	1999	Creative Asylum	null		
cdg-3527	狗肯尼娃娃	2002	智冠	TW		
cdg-3530	狩魔獵人3：血咒疑雲	1999	Sierra On-Line	US		
cdg-3531	狼之一族	1994	Manley & Associates	null		
cdg-3535	猴島小英雄3：猴島的詛咒	1997	Lucas	null	松崗	
cdg-3536	猴島小英雄4：逃離猴島	2000	Lucas	null		
cdg-3542	獵手1	1998	Sunstorm	null		
cdg-3543	獵手2	1999	Sunstorm	null		
cdg-3544	獵手3	2000	Sunstorm	null		
cdg-3546	獵殺潛航2	2002	Ultimation	null		
cdg-3557	'玩具奇兵（Army Men: Toys in Space）'	1999	3DO	US		
cdg-3558	"玩具奇兵（Army Men: Sarge's Heroes）"	1999	3DO	US		
cdg-3561	玩具車之緊急出動	2000	Sandbox	null		
cdg-3562	玩玩總統	2000	甲尚	null	大宇	
cdg-3563	珍氏	1998	Origin Systems	US		
cdg-3564	現代大戰略2008	2008	SystemSoft	JP	光譜	
cdg-3565	現代大戰略	1996	SystemSoft	JP	大宇	
cdg-3569	瑪莉亞：假面人生	2000	Break	null	協和	
cdg-3571	罪3	1999	h.m.p	null	歡樂盒	
cdg-3577	羅德島戰記：灰色魔女	1998	Humming Bird	null	歡樂盒	
cdg-3578	羅馬：全軍破敵	2004	Creative Assembly	null	松崗	
cdg-3580	羅馬的榮耀	2006	Haemimont	null	光譜	
cdg-3582	鋼彈司令1	1998	FASA	null		
cdg-3583	鋼彈司令2	2001	FASA	null		
cdg-3584	鋼鐵天空下	1994	Revolution	null	第三波	
cdg-3586	鋼鐵意志	1995	Rainmaker	null		
cdg-3590	鋼鐵雄獅1	1994	NovaLogic	null	松崗	
cdg-3591	鋼鐵雄獅2	1997	NovaLogic	null	松崗	
cdg-3592	鋼鐵雄獅3	1999	NovaLogic	null		
cdg-3599	鐵卒之網路象棋	1997	捷友	TW		
cdg-3602	鐵甲英豪	1998	Family Production	null		
cdg-3604	鐵血悍將：鐵甲戰略	2001	Nikita	null		
cdg-3609	鑽地小精靈	1996	Pixel Painters	null		
cdg-3612	長諾中英打高手	1997	精懋	null	長諾	
cdg-3617	閻王令	2000	大點科技	null	第三波	
cdg-3621	馬場大亨2000	1999	旭力亞	null		
cdg-3623	馬鈴薯大兵	2000	Multi Space	null	華彩	
cdg-3626	駭客入侵1	2000	Ion Storm	null	第三波	
cdg-3628	騎士芭比	1998	Mattel	null		
cdg-3629	驚爆四川麻將	1999	新造科技	TW		
cdg-3630	驚爆實感賽車4	2000	Clever	null		
cdg-3631	驚爆實感賽車1	1995	Milestone	null		
cdg-3632	驚爆實感賽車2	1996	Milestone	null		
cdg-3633	驚爆實感越野賽車	1997	Milestone	null		
cdg-3634	驚爆風火輪	1998	Criterion	null	第三波	
cdg-3638	高爆極速飛車	1995	Bullfrog	GB		
cdg-3639	高盧英雄傳	1996	Infograms	null		
cdg-3647	鬥魚日記	2001	全景軟體	null		
cdg-3648	鬥龍骰	1997	Interplay Productions	US		
cdg-3649	鬼屋魔影：葛瑞絲之章	1993	Infograms	null		
cdg-3652	鬼屋魔影3	1995	Infogrames	FR	智冠	
cdg-3653	鬼屋魔影4：夢魘重返	2001	Darkworks	null	新天地	
cdg-3654	鬼屋魔影外傳：時光之門	1995	Infograms	null		
cdg-3658	鬼計神偷	2001	neo	null	英特衛	
cdg-3659	鬼馬卡車賽	2001	Iridon	null		
cdg-3668	魔城迷蹤1	1994	Andrew Spencer	null	松崗	
cdg-3669	魔城迷蹤2	1997	Andrew Spencer	null		
cdg-3672	魔域奇兵	1998	Phaestos	null	曉騰	
cdg-3675	魔域幻境之浴血戰場	1999	Epic MegaGames	null	第三波	
cdg-3676	魔域幻境之浴血戰場	2002	Epic MegaGames	null		
cdg-3679	魔域幻鬥	1997	華義	TW		
cdg-3680	魔域爭霸	2001	JoyMax	null	捷友	
cdg-3688	魔幻世紀	2006	Phenomic	null	松崗	
cdg-3692	魔影哈雷	1993	Infogrames	FR	智冠	
cdg-3696	魔戒1	1998	Arxel Tribe	null		
cdg-3697	魔戒2	2002	Arxel Tribe	null		
cdg-3703	魔戒首部曲	2002	Surreal	null	得利國際	
cdg-3709	魔法使與主人	2006	QuinRose	null	光譜	
cdg-3710	魔法公主	1999	美夢成真	TW		
cdg-3712	魔法哈利	2001	番茄電腦	null	智冠	
cdg-3718	魔法書之謎1	2000	Lexis Numerique	null	曉騰	
cdg-3719	魔法書之謎2：地球大進擊	2000	Lexis Numerique	null	曉騰	
cdg-3721	魔法氣泡（Puyo Puyo）	1996	Compile	null	微波	
cdg-3723	魔法門：星雲之劍	1995	Catware	null		
cdg-3728	魔法門4	1992	New World Computing	US	智冠	
cdg-3733	魔法門8：毀天滅地	2000	New World Computing	US		
cdg-3734	魔法門9	2002	New World Computing	US		
cdg-3736	魔法門之十字軍	1999	3DO	US		
cdg-3738	魔法門之英雄無敵2：王位爭奪戰	1996	New World Computing	US		
cdg-3740	魔法門之英雄無敵4	2002	New World Computing	US	英特衛	
cdg-3743	魔法門傳奇	2001	New World Computing	US	第三波	
cdg-3744	魔法門英雄誌	2000	New World Computing	US	第三波	
cdg-3745	魔法風雲會	1997	MicroProse	US	第三波	
cdg-3747	魔法風雲會：戰鬥巫師	1997	Acclaim	null		
cdg-3748	魔法飛毯1	1994	Bullfrog	GB		
cdg-3749	魔法飛毯2：冥界	1995	Bullfrog	GB		
cdg-3751	魔獸爭霸2：黑暗浪潮	1995	Blizzard	US		
cdg-3752	魔獸爭霸3：混亂之治	2002	Blizzard	US		
cdg-3753	魔由心生	2000	Gamesquad	null	晶合	
cdg-3754	魔界	1997	Psygnosis	null	松崗	
cdg-3759	魔界爭霸：惡靈軍	2000	L&K Logic	null	捷徑電腦	
cdg-3766	魔眼邪神	1996	KOEI	JP	第三波	
cdg-3774	魔術拼圖	1989	大宇	TW		
cdg-3775	魔豆闖天關	2000	友尚	null	大宇	
cdg-3779	魔鬼戰將1	1998	Eidos	GB		
cdg-3780	魔鬼戰將2	2001	Eidos	GB	第三波	
cdg-3783	魔鬼戰將	1999	Eidos	GB		
cdg-3786	魔鬼英豪	2000	Cinematix	null	第三波	
cdg-3789	歐洲城市賽車	2001	Davilex	null	意念數位	
cdg-3791	歐洲賽車手	1993	FLOYDESIGN	null		
cdg-3793	歡樂五子棋	1997	世紀鼎點	null		
cdg-3795	歡樂大航海	1998	立體派	null		
cdg-3796	歡樂大飛車	1997	Unique	null		
cdg-3799	歡樂幼兒園	1998	FunnyBone	null	草莓	
cdg-3804	歡樂綜藝王	1999	岡業	null		
cdg-3805	歡樂跳棋	1998	不明	null		
cdg-3806	歡樂酒吧	1989	Accolade	null	精訊	
cdg-3815	龍劍客1：傳奇的開始	1994	Cryo	FR		
cdg-3816	龍劍客2：龍人之心	1996	Cryo	FR	第三波	
cdg-3817	龍召還娘1	1996	Gimmick House	null	歡樂盒	
cdg-3818	龍召還娘2	1999	Gimmick House	null	歡樂盒	
cdg-3820	龍戰士3	2001	Capcom	JP	大新	
cdg-3821	龍戰士4	2003	Capcom	JP	第三波	
cdg-3822	龍槍英雄傳	2002	G2G	null	依星	
cdg-3835	金瓶梅	1997	null	CN		
cdg-3845	打磚塊	null	null	CN		
cdg-3850	蕩魔平妖誌	1991	null	null		
cdg-3856	富貴列車	1996	null	null		
cdg-3867	甲A風雲	1995	null	null		
cdg-3876	龍霸天下	1998	null	null		
cdg-3887	碰碰球	1996	null	null		
cdg-3892	日蝕	1995	null	null		
cdg-3899	十面埋伏	1994	null	null		
cdg-3909	天使Q女學院	1997	null	null		
cdg-3910	天旋地轉	null	null	CN		
cdg-3913	伍子胥	1996	null	null		
cdg-3925	妖擊隊	1994	null	null		
cdg-3935	侏羅紀公園	null	null	CN		
cdg-3936	諸神封印	1997	null	null		
cdg-3937	主題公園	1996	null	null		
cdg-3943	上古戰爭藝術：空戰篇	1992	null	null		
cdg-4026	主題醫院	1997	null	null		
cdg-4027	大地傳說：黑暗王座	1994	null	null		
cdg-4028	中關村啟示錄	1996	null	null		
cdg-4031	七顆龍珠	1994	null	null		
cdg-4034	亂世英傑2-徳川家康	1997	null	null		
cdg-4035	佳兒成龍記	1997	null	null		
cdg-4037	原星	1995	null	null		
cdg-4044	德魯依教徒：天人交戰	1996	null	null		
cdg-4046	戰區88	1998	null	null		
cdg-4049	拳形巖	1990	null	null		
cdg-4052	提督之決斷2	1996	null	null		
cdg-4054	最長的一日	1994	Impressions	GB	松崗	
cdg-4055	格鬥美少女	1997	null	null		
cdg-4059	狗子阿利	1998	null	null		
cdg-4062	精武戰警	1996	null	null		
cdg-4063	紅樓夢風月寶鑑	1996	null	null		
cdg-4068	血獅：保衛中國	1997	null	null		
cdg-4072	金剛大冒險	1996	null	null		
cdg-4081	魔眼邪神：賽爾特傳說	1996	null	null		
cdg-4084	特級大師	1989	null	null		
cdg-4088	魔法門4+5整合版 決戰星雲世界	1993	null	null		
cdg-4098	大地雄師：超空霸傳	1997	null	null		
cdg-4099	移民計劃	1997	null	null		
cdg-4100	魔法門英雄無敵2 延續的戰爭	1997	null	null		
cdg-4101	魔法門英雄無敵2 忠誠的代價	1997	null	null		
cdg-4115	大戰略2	1993	null	null		
cdg-4118	帝國的光榮2	1993	null	null		
cdg-4119	瘋狂大賽馬	1993	null	null		
cdg-4120	地獄之吼	1994	null	null		
cdg-4124	異形殺手	1994	null	null		
cdg-4126	機甲獵人	1995	null	null		
cdg-4127	烽火沙丘	1995	null	null		
cdg-4128	終極機甲戰士	1995	null	null		
cdg-4131	鐵血聯盟	1995	null	null		
cdg-4132	魔石英雄傳說2	1995	null	null		
cdg-4133	中國民航	1996	null	null		
cdg-4134	中國球王	1996	null	null		
cdg-4146	神龍少年	1997	null	null		
cdg-4149	英雄戰記	1997	null	null		
cdg-4151	銀河守衛團	1998	null	null		
cdg-4152	天使們的午後 合集2	1996	null	null		
cdg-4157	龍穴歷險記	1991	null	null		
cdg-4158	殺出機械城	1990	null	null		
cdg-4160	藝妓	1991	null	null		
cdg-4162	幽靈館	1989	null	null		
cdg-4164	真人快打	1994	null	null		
cdg-4170	魔動王子	1994	null	null		
cdg-4172	搖滾霹靂彈	1993	null	null		
cdg-4175	Tyrian戰機	1995	null	null		
cdg-4177	國王密使：皇冠探求	1987	null	null		
cdg-4184	寶裡寶氣寶騎士	1993	null	null		
cdg-4185	宇宙殖民區	1988	null	null		
cdg-4190	魔法之燭2	1991	null	null		
cdg-4193	巫域之心	1990	null	null		
cdg-4196	電子魚	1993	null	null		
cdg-4200	電視大亨	1991	null	null		
cdg-4206	亞拉崗之劍	1989	null	null		
cdg-4207	SD祖魯戰記	1990	null	null		
cdg-4208	天龍特攻隊	1990	null	null		
cdg-4210	失落的海軍上將	1991	null	null		
cdg-4211	魚叉	1989	null	null		
cdg-4212	成吉思汗3	null	null	null		
cdg-4214	接龍777	null	null	null		
cdg-4216	粉紅頑皮豹	null	null	null		
cdg-4219	GP3 F1賽車 世界冠軍賽	null	null	null	皇統光碟	
cdg-4220	深海奇兵	null	null	null		
cdg-4221	旦旦超人	null	null	null		
cdg-4222	卡通畫家	null	null	null		
cdg-4225	壞蟑螂	null	null	null		
cdg-4226	夢幻天使餐廳	null	null	null		
cdg-4229	巴拉拉狂想曲	null	null	null		
cdg-4231	廢土	null	null	null		
cdg-4232	感官足球	null	null	null		
cdg-4233	感官世界足球95	null	null	null		
cdg-4235	星際大戰 絕地武士2：絕地浪子	null	null	null		
cdg-4236	星際大戰首部曲：威脅潛伏	null	null	null		
cdg-4238	暗影戰士	null	null	null		
cdg-4239	辛迪加	null	null	null		
cdg-4251	小兵立大功2	null	null	null		
cdg-4253	爆走卡車之橫越美洲	null	null	null		
cdg-4259	真人快打2	null	null	null		
cdg-4260	真人快打3	null	null	null		
cdg-4264	網路奇兵2	null	null	null		
cdg-4268	銀河霸主	1994	null	null		
cdg-4270	雷霆任務	null	null	null		
cdg-4273	魔域悍將	null	null	null		
cdg-4275	魔法之燭	1989	null	null		
cdg-4278	黑暗紀元	1992	null	null		
cdg-4281	棒！辣妹三合一益智王	null	null	null		
cdg-4285	火線天使 JetGirl	null	null	null		
cdg-4288	決戰e魔 Little Red Devil e-Mail	null	null	null		
cdg-4292	諜報特勤組	1998	Cryo	FR	第三波	
cdg-4295	遊戲輕鬆打	null	null	null		
cdg-4298	不可思議的任務	null	null	null		
cdg-4299	卡拉漢時空沙龍	null	null	null		
cdg-4300	卡門世界之旅	null	null	null		
cdg-4301	卡門時空之旅	null	null	null		
cdg-4302	卡門美國之旅	null	null	null		
cdg-4303	卡門美國時空之旅	null	null	null		
cdg-4305	好朋友一起走：中英雙語	null	null	null		
cdg-4306	幻境工作室	null	null	null		
cdg-4308	當白雪公主遇上小紅帽	null	null	null		
cdg-4309	美女寶石陣	null	null	null		
cdg-4310	花語：花天神語繪圖系列之一	null	null	null		
cdg-4311	遊戲威龍 Part1+Part2	null	null	null		
cdg-4312	遊戲駭客族	null	null	null		
cdg-4313	鐵血聯盟：死亡遊戲	null	null	null		
cdg-4314	B傳說：戰鬥彈珠人	null	null	null		
cdg-4315	D的事件簿	null	null	null		
cdg-4317	精靈夜想曲	null	null	null		
cdg-4318	諾曼地：最長的一日	null	null	null		
cdg-4319	靈幻宅急便	null	null	null		
cdg-4320	神秘之旅	null	null	null		
cdg-4323	爆爆超人兵團	null	null	null		
cdg-4326	搞怪小站	null	null	null		
cdg-4327	企鵝闖天關	null	null	null		
cdg-4328	新．乞丐王子	null	null	null		
cdg-4329	機智冒險大闖關	null	null	null		
cdg-4330	幕府將軍：蒙古入侵	null	null	null		
cdg-4332	異軍突起	null	null	null		
cdg-4333	征服Honey	null	null	null		
cdg-4334	風天翔	null	null	null		
cdg-4336	經營大台灣	null	null	null		
cdg-4337	柏青哥俱樂部	null	null	null	柏青哥俱樂部	
cdg-4340	西伯利亞	null	null	null		
cdg-4342	復活邪神2	null	null	null		
cdg-4344	神指阿土巴	null	null	null		
cdg-4345	攔截歷史檔案	null	null	null		
cdg-4346	星際大戰：火星戰役	null	null	null		
cdg-4347	亞瑟王的魔術城堡	null	null	null		
cdg-4348	孤島漂流記	null	null	null		
cdg-4349	XATAX戰機	null	null	null		
cdg-4350	世界童話精選：童話小精靈	null	null	null		
cdg-4351	仙境傳奇1	null	null	null		
cdg-4352	仙境傳奇2：亡者之手	null	null	null		
cdg-4360	原振俠傳奇	null	null	null		
cdg-4361	原罪	null	null	null		
cdg-4362	雙子星傳奇2	null	null	null		
cdg-4363	雙子星傳奇／大小不良	null	null	null		
cdg-4365	合金裝備2	null	null	null		
cdg-4366	吉安娜姐妹	null	null	null		
cdg-4370	聖誕小旅鼠	null	null	null		
cdg-4372	大航海世紀	1991	null	null		
cdg-4374	女強人亞紀子	null	null	null		
cdg-4375	完美將軍2	null	null	null		
cdg-4376	小飛弟呼叫太陽系	null	null	null		
cdg-4377	小飛弟重返侏儸紀	null	null	null		
cdg-4378	蜘蛛恐懼症	null	null	null		
cdg-4380	巫師學校1：追女記	null	null	null		
cdg-4381	巫師學校2：入學記	null	null	null		
cdg-4382	巫師學校3：春假	null	null	null		
cdg-4384	異形三部曲	null	null	null		
cdg-4385	微軟太空模擬	null	null	null		
cdg-4388	摩登家族：米路歷險	null	null	null		
cdg-4389	史卡尼賽車	null	null	null		
cdg-4392	無悔的十字軍	null	null	null		
cdg-4393	無悔的十字軍2	null	null	null		
cdg-4394	明星麻將	null	null	null		
cdg-4397	智力大考驗	null	null	null		
cdg-4398	機甲戰士2：熊魂遺跡	null	null	null		
cdg-4399	棋侶-2001中國象棋個人賽-典藏版	null	null	null		
cdg-4400	棋侶：兒童圍棋學苑	null	null	null		
cdg-4401	棋侶：初段手談	null	null	null		
cdg-4402	棋侶：猴賽擂圍棋對弈	null	null	null		
cdg-4403	棋侶：象棋路邊攤	null	null	null		
cdg-4404	棋侶：象棋追擊戰	null	null	null		
cdg-4406	永遠的蝙蝠俠	null	null	null		
cdg-4409	海姆達	null	null	null		
cdg-4410	海姆達2	null	null	null		
cdg-4411	海底大戰爭	null	null	null		
cdg-4414	獵殺紅色十月	null	null	null		
cdg-4415	瘋狂星球	null	null	null		
cdg-4418	科曼奇2	null	null	null		
cdg-4419	秘境神話	null	null	null		
cdg-4420	童話短路	null	null	null		
cdg-4421	系統震盪	null	null	null		
cdg-4422	罪 3D	null	null	null		
cdg-4423	美國城市賽車	null	null	null		
cdg-4424	美少女超級麻將	null	null	null		
cdg-4425	聰明小子	null	null	null		
cdg-4426	肯恩迷宮	null	null	null		
cdg-4427	荷蘭人的失落之礦	null	null	null		
cdg-4428	藍冰	null	null	null		
cdg-4429	藍色馬克斯	null	null	null		
cdg-4432	警察故事3	null	null	null		
cdg-4433	象棋世家V5	null	null	null		
cdg-4434	速度球	null	null	null		
cdg-4435	速度球2	null	null	null		
cdg-4436	遊戲剋星2	null	null	null		
cdg-4439	鐵道夢想家	null	null	null		
cdg-4440	銀多瑞傳奇	null	null	null		
cdg-4441	銀多瑞傳奇2	null	null	null		
cdg-4442	銀多瑞傳奇3	null	null	null		
cdg-4443	銀河霸主2	null	null	null		
cdg-4444	阿爾比恩	null	null	null		
cdg-4447	瑪利歐不見了	null	null	null		
cdg-4449	魔域傳奇：史特卡的財寶	null	null	null		
cdg-4450	魔域傳奇：石之預言者	null	null	null		
cdg-4451	巫師西蒙	null	null	null		
cdg-4452	龐克雙鱷	null	null	null		
cdg-4453	龍穴歷險記2	null	null	null		
cdg-4454	1830鐵路公爵	null	null	null		
cdg-4455	'1869'	null	null	null		
cdg-4456	4D網球	null	null	null		
cdg-4458	A320空中巴士	null	null	null		
cdg-4459	Boppin'	null	null	null		
cdg-4461	FIFA足球1996	null	null	null		
cdg-4462	FIFA足球97	null	null	null		
cdg-4463	NBA嘉年華	null	null	null		
cdg-4464	Su-27側翼戰機	null	null	null		
cdg-4465	下級生（日）	null	null	null		
cdg-4466	亞馬遜女皇之旅	null	null	null		
cdg-4467	奧勒岡之旅	null	null	null		
cdg-4469	切克斯歷險記	null	null	null		
cdg-4470	切克斯歷險記2	null	null	null		
cdg-4471	卡門太空之旅	null	null	null		
cdg-4472	混沌引擎	null	null	null		
cdg-4473	尋找激流博士	null	null	null		
cdg-4474	小朋友齊打交	null	null	null		
cdg-4475	巨窟文字冒險	null	null	null		
cdg-4476	開球96	null	null	null		
cdg-4477	開球97	null	null	null		
cdg-4478	開膛手傑克	null	null	null		
cdg-4479	指揮官基恩 1	null	null	null		
cdg-4480	指揮官基恩 2	null	null	null		
cdg-4481	指揮官基恩 3	null	null	null		
cdg-4482	指揮官基恩：基恩之夢	null	null	null		
cdg-4483	指揮官基恩 4	null	null	null		
cdg-4484	指揮官基恩 5	null	null	null		
cdg-4485	指揮官基恩 6	null	null	null		
cdg-4486	指環王	null	null	null		
cdg-4487	指環王2	null	null	null		
cdg-4488	星際大戰：黑暗原力	null	null	null		
cdg-4489	星際大戰：反抗軍突擊	null	null	null		
cdg-4490	月亮石騎士	null	null	null		
cdg-4491	月球巡邏	null	null	null		
cdg-4492	機甲爭霸戰2：傭兵	null	null	null		
cdg-4493	死亡之門	null	null	null		
cdg-4494	特警判官	null	null	null		
cdg-4495	獅子王	null	null	null		
cdg-4496	獵戶座陰謀	null	null	null		
cdg-4497	真實足球	null	null	null		
cdg-4498	真實足球俱樂部版	null	null	null		
cdg-4499	第一武士	null	null	null		
cdg-4500	艾薇拉：街機版	null	null	null		
cdg-4501	蓮花賽車：終極挑戰	null	null	null		
cdg-4502	藍精靈	null	null	null		
cdg-4503	蝙蝠俠歸來	null	null	null		
cdg-4505	血與魔法	null	null	null		
cdg-4506	詹姆斯龐德2	null	null	null		
cdg-4507	誰陷害了兔子羅傑	null	null	null		
cdg-4508	辛普森家庭	null	null	null		
cdg-4509	辛普森大戰外星人	null	null	null		
cdg-4510	辛普森小丑屋	null	null	null		
cdg-4511	辛迪加戰爭	null	null	null		
cdg-4512	逃離腦博士的城堡	null	null	null		
cdg-4513	鐵鉤船長	null	null	null		
cdg-4514	雨果的恐怖之屋1	null	null	null		
cdg-4515	雨果的恐怖之屋2	null	null	null		
cdg-4516	雨果的恐怖之屋3	null	null	null		
cdg-4828	勇者之光	2001	NEC Interchannel	JP	協和	
cdg-4829	鬼妮	null	null	null	協和	
cdg-4830	小郵差加奈	2001	INTERLEX	JP	協和	
cdg-4831	人偶情緣	2000	Microcabin	JP	協和	
cdg-4832	人偶情緣2	2000	Microcabin	JP	協和	
cdg-4833	失落的羽翼	2001	Exe Create	JP	協和	
cdg-4834	聖界的奇蹟	2002	Exe Create	JP	光譜	
cdg-4835	緋蒼幻想曲	2003	Exe Create	JP	光譜	
cdg-5109	台灣爆笑麻將	null	null	null	會宇	
cdg-5121	小情人	null	null	null	第三波	
cdg-5133	台灣大富翁	null	null	null	智冠	
cdg-5134	勁爆台灣十六張麻將	null	null	null		
cdg-5136	荷花仙子	null	null	null		
cdg-5147	神秘的世界	null	null	null	富峰群	
cdg-5157	中國陸軍棋	null	晟業	TW		
cdg-5158	企鵝瑪力歐	null	尼奧	TW		
cdg-5163	雀王傳2：誘惑麻將	null	京群	TW		
cdg-5167	淘氣貝克	null	冠捷	TW		
cdg-5168	雞蛋糕啪啪走：勇敢向前衝	null	冠捷	TW		
cdg-5169	創業大富翁	null	昱光	TW		
cdg-5170	裝甲戰士	null	鄉根	TW		
cdg-5171	賽車總冠軍GO！	null	鄉根	TW		
cdg-5172	IQ爭霸	null	藍海豚	TW		
cdg-5173	殭屍宅急便	null	怪獸蛋	TW		
cdg-5223	倉庫工人	null	洛凡妮莎工作室	TW		
cdg-5246	勁爆美國職棒	null	null	null	第三波	
cdg-5247	海底英雄	null	null	null	第三波	
cdg-5248	夢魘	null	null	null	第三波	
cdg-5252	大君主戰役	null	null	null	第三波	
cdg-5254	鐵血殺手	null	null	null	第三波	
cdg-5258	Wild Blue Yonder	1994	Digital Ranch	US	第三波	
cdg-5259	Wild Blue Yonder II	1995	Digital Ranch	US	第三波	
cdg-5267	南北戰爭	null	null	null	第三波	
cdg-5270	狂飆武士	null	null	null	第三波	
cdg-5271	星戰風雲	null	null	null	第三波	
cdg-5275	星艦傳奇	1993	Third Millennium Software	GB	第三波	
cdg-5276	謀略王子	1995	Holistic Design	US	第三波	
cdg-5277	比薩大亨	1994	Cybernetic Corporation	DE	第三波	
cdg-5278	齊柏林飛船	1994	Ikarion	DE	第三波	
cdg-5280	Nerves of Steel	1995	Rainmaker Software	US	第三波	
cdg-5281	Harvester	1996	DigiFX Interactive	US	第三波	
cdg-5282	Top Gun	1996	Spectrum HoloByte	US	第三波	
cdg-5284	1942太平洋空戰（光碟黃金版）	1994	MicroProse	US	第三波	
cdg-5287	跳躍小頑童	null	null	null	第三波	
cdg-5298	武士戰弈	null	null	null	第三波	
cdg-5299	魔法王國	null	null	null		
cdg-5301	帝國生死鬥	null	null	null	松崗	
cdg-5305	短路小旅鼠	null	null	null	新世界軟體	
cdg-5306	火爆摔角	null	null	null	新世紀多媒體	
cdg-5326	中華VR職棒98	1998	世紀縱橫	TW	世紀縱橫	
cdg-5327	拿破崙戰記	null	null	null	電腦休閒世界	
cdg-5330	除魔守護神	1999	YOXI工作室	TW	軟體世界	
cdg-5338	福爾摩莎和他的狗	null	光譜	TW	第三波	
