source_id	series	guidebook_title	guidebook_url	cdg_id	cdg_title	match	note
twp/pc-001	twp	三界諭 邦沛之謎 攻略集	https://nostalib.simagame.me/guidebooks/twp/pc-001	cdg-0202	三界諭：邦沛之謎	exact	
twp/pc-002	twp	巫術六代 創世神筆之詛咒 攻略集	https://nostalib.simagame.me/guidebooks/twp/pc-002	cdg-1104	巫術6：創世神筆之詛咒	manual	
twp/pc-003	twp	三國志Ⅱ電腦暨遊樂器版攻略合集	https://nostalib.simagame.me/guidebooks/twp/pc-003	cdg-0211	三國志2	manual	書名的「電腦暨遊樂器版」指涵蓋範圍，非另一款遊戲
twp/pc-004	twp	三國志III 攻略集	https://nostalib.simagame.me/guidebooks/twp/pc-004	cdg-0212	三國志3	exact	
twp/pc-007	twp	黑暗王座/命運之手攻略合集	https://nostalib.simagame.me/guidebooks/twp/pc-007	cdg-2274	黑暗王座	multi	合集：黑暗王座＋凱蘭迪亞傳奇2 命運之手
twp/pc-007	twp	黑暗王座/命運之手攻略合集	https://nostalib.simagame.me/guidebooks/twp/pc-007	cdg-2934	凱蘭迪亞傳奇2：命運之手	multi	合集：黑暗王座＋凱蘭迪亞傳奇2 命運之手
twp/pc-008	twp	三國志IV 攻略集	https://nostalib.simagame.me/guidebooks/twp/pc-008	cdg-0213	三國志4	exact	
twp/pc-010	twp	三國志IV 超級攻略集	https://nostalib.simagame.me/guidebooks/twp/pc-010	cdg-0213	三國志4	exact	
twp/pc-011	twp	三國志英傑傳 攻略集	https://nostalib.simagame.me/guidebooks/twp/pc-011	cdg-0229	三國志英傑傳	exact	
twp/pc-012	twp	俠客遊攻略集	https://nostalib.simagame.me/guidebooks/twp/pc-012	cdg-1620	俠客遊	exact	
twp/pc-013	twp	三國志V 攻略集	https://nostalib.simagame.me/guidebooks/twp/pc-013	cdg-0214	三國志5	exact	
twp/pc-014	twp	三國志孔明傳 攻略集	https://nostalib.simagame.me/guidebooks/twp/pc-014	cdg-0225	三國志孔明傳	exact	
twp/pc-015	twp	終極動員令：紅色警戒 攻略集	https://nostalib.simagame.me/guidebooks/twp/pc-015	cdg-2065	終極動員令：紅色警戒1	manual	初代紅色警戒
twp/pc-016	twp	暗黑破壞神Diablo 攻略集	https://nostalib.simagame.me/guidebooks/twp/pc-016	cdg-2465	暗黑破壞神1	manual	
twp/pc-017	twp	水滸傳~天導一〇八星 攻略集	https://nostalib.simagame.me/guidebooks/twp/pc-017	cdg-0622	水滸傳2：天導一○八星	manual	天導一○八星＝水滸傳2
twp/pc-018	twp	安琪莉可~女王之路溫馨攻略指南	https://nostalib.simagame.me/guidebooks/twp/pc-018	cdg-0800	安琪莉可女王之路	manual	
twp/pc-021	twp	紅色警戒之絕地逢生 攻略集	https://nostalib.simagame.me/guidebooks/twp/pc-021			none	紅色警戒資料片「絕地逢生」，catalog 未獨立收
twp/pc-022	twp	古墓奇兵II 攻略集	https://nostalib.simagame.me/guidebooks/twp/pc-022	cdg-0907	古墓奇兵2：西安匕首	manual	
twp/pc-023	twp	信長之野望 將星錄 攻略集	https://nostalib.simagame.me/guidebooks/twp/pc-023	cdg-1642	信長之野望7：將星錄	manual	
twp/pc-024	twp	異塵餘生 攻略集	https://nostalib.simagame.me/guidebooks/twp/pc-024	cdg-1942	異塵餘生1	manual	書名無代數，暫定初代待確認
twp/pc-025	twp	黑暗王座II 天命守護者 攻略集	https://nostalib.simagame.me/guidebooks/twp/pc-025	cdg-2275	黑暗王座2天命守護者	exact	
twp/pc-026	twp	阿貓阿狗 徹底攻略本	https://nostalib.simagame.me/guidebooks/twp/pc-026	cdg-1355	阿貓阿狗	exact	
twp/pc-029	twp	迷霧之島II 攻略集	https://nostalib.simagame.me/guidebooks/twp/pc-029	cdg-2560	迷霧之島2	exact	
twp/pc-030	twp	星海爭霸 完全教戰攻略集	https://nostalib.simagame.me/guidebooks/twp/pc-030	cdg-2404	星海爭霸	exact	
twp/pc-031	twp	毛利元就~三箭之誓 攻略集	https://nostalib.simagame.me/guidebooks/twp/pc-031	cdg-4561	毛利元就傳	manual	三箭之誓＝毛利元就傳
twp/pc-054	twp	魔法門VI 奉天承運 攻略集	https://nostalib.simagame.me/guidebooks/twp/pc-054	cdg-3730	魔法門6：奉天承運	exact	
twp/pc-055	twp	俠客遊之未來之書 王神之道攻略集	https://nostalib.simagame.me/guidebooks/twp/pc-055	cdg-1624	俠客遊：未來之書	manual	
twp/pc-056	twp	三國志VI 攻略集	https://nostalib.simagame.me/guidebooks/twp/pc-056	cdg-0215	三國志6	exact	
twp/pc-058	twp	沙丘魔堡2000 攻略集	https://nostalib.simagame.me/guidebooks/twp/pc-058	cdg-1176	沙丘魔堡2000	exact	
twp/pc-059	twp	鋼彈司令 攻略集	https://nostalib.simagame.me/guidebooks/twp/pc-059	cdg-3582	鋼彈司令1	manual	書名無代數，暫定初代待確認
twp/pc-061	twp	三國志VI 戰術應用集	https://nostalib.simagame.me/guidebooks/twp/pc-061	cdg-0215	三國志6	exact	
twp/pc-062	twp	成吉思汗IV 攻略集	https://nostalib.simagame.me/guidebooks/twp/pc-062	cdg-3467	蒼狼與白鹿4：成吉思汗	manual	蒼狼與白鹿4：成吉思汗
twp/pc-065	twp	工人物語Ⅲ 攻略集	https://nostalib.simagame.me/guidebooks/twp/pc-065	cdg-0555	工人物語3	exact	
twp/pc-066	twp	柏德之門 攻略集	https://nostalib.simagame.me/guidebooks/twp/pc-066	cdg-3086	柏德之門1	manual	
twp/pc-067	twp	織田信長傳 攻略集	https://nostalib.simagame.me/guidebooks/twp/pc-067	cdg-4560	織田信長傳	exact	
twp/pc-068	twp	凱撒大帝III 攻略集	https://nostalib.simagame.me/guidebooks/twp/pc-068	cdg-2931	凱撒大帝3	exact	
twp/pc-069	twp	笑談三國志	https://nostalib.simagame.me/guidebooks/twp/pc-069			none	泛系列讀物，非單一作品攻略
twp/pc-072	twp	信長之野望 烈風傳～天之卷 攻略集	https://nostalib.simagame.me/guidebooks/twp/pc-072	cdg-1643	信長之野望8：烈風傳	manual	烈風傳＝信長之野望8
twp/pc-073	twp	信長之野望 烈風傳～地之卷 攻略集	https://nostalib.simagame.me/guidebooks/twp/pc-073	cdg-1643	信長之野望8：烈風傳	manual	烈風傳＝信長之野望8
twp/pc-074	twp	惡靈古堡2 攻略集	https://nostalib.simagame.me/guidebooks/twp/pc-074	cdg-1775	惡靈古堡2	exact	
twp/pc-075	twp	魔法門VII 攻略集	https://nostalib.simagame.me/guidebooks/twp/pc-075	cdg-3732	魔法門7：血統與榮耀	manual	
twp/pc-076	twp	大航海時代4 攻略集	https://nostalib.simagame.me/guidebooks/twp/pc-076	cdg-0422	大航海時代4	exact	
twp/pc-079	twp	終極動員令: 泰伯倫之日 攻略集	https://nostalib.simagame.me/guidebooks/twp/pc-079	cdg-2061	終極動員令2：泰伯倫之日	manual	
twp/pc-080	twp	太閤立志傳3 攻略集	https://nostalib.simagame.me/guidebooks/twp/pc-080	cdg-0505	太閤立志傳3	exact	
twp/pc-081	twp	萬艦齊發 攻略集	https://nostalib.simagame.me/guidebooks/twp/pc-081	cdg-5380	萬艦齊發	manual	
twp/pc-082	twp	波斯王子3D 攻略集	https://nostalib.simagame.me/guidebooks/twp/pc-082	cdg-1194	波斯王子3D	exact	
twp/pc-083	twp	三國志Internet 攻略集	https://nostalib.simagame.me/guidebooks/twp/pc-083	cdg-5383	三國志Internet	manual	光榮網路對戰版，使用者決定納入
twp/pc-084	twp	世紀帝國2 攻略集	https://nostalib.simagame.me/guidebooks/twp/pc-084	cdg-0667	世紀帝國2：帝王世紀	manual	世紀帝國2：帝王世紀
twp/pc-085	twp	明星志願2 圓夢攻略集	https://nostalib.simagame.me/guidebooks/twp/pc-085	cdg-2387	明星志願2	manual	
twp/pc-086	twp	王國興亡錄 攻略集	https://nostalib.simagame.me/guidebooks/twp/pc-086	cdg-1413	皇室血裔2	exact	
twp/pc-087	twp	軒轅劍參 完全攻略集	https://nostalib.simagame.me/guidebooks/twp/pc-087	cdg-1884	軒轅劍3：雲和山的彼端	manual	軒轅劍參＝雲和山的彼端
twp/pc-089	twp	創世紀 9: 真神之道攻略集	https://nostalib.simagame.me/guidebooks/twp/pc-089	cdg-2972	創世紀9：羽化昇天	manual	真神之道＝創世紀9 羽化昇天的另一譯名，待確認
twp/pc-090	twp	魔鬼英豪 攻略集	https://nostalib.simagame.me/guidebooks/twp/pc-090	cdg-3786	魔鬼英豪	exact	
twp/pc-091	twp	熱舞2000 舞林秘笈	https://nostalib.simagame.me/guidebooks/twp/pc-091	cdg-5378	熱舞2000	manual	
twp/pc-093	twp	洛克人: 鋼鐵之心 攻略集	https://nostalib.simagame.me/guidebooks/twp/pc-093	cdg-1216	洛克人DASH：鋼鐵之心	manual	即洛克人DASH 鋼鐵之心（第三波中文版）
twp/pc-094	twp	閻王令 完全攻略集	https://nostalib.simagame.me/guidebooks/twp/pc-094	cdg-3617	閻王令	exact	
twp/pc-095	twp	艾薩克外傳 陽光少年遊 完全攻略集	https://nostalib.simagame.me/guidebooks/twp/pc-095	cdg-3417	艾薩克外傳：陽光少年遊	exact	
twp/pc-096	twp	笑傲江湖 攻略秘笈	https://nostalib.simagame.me/guidebooks/twp/pc-096	cdg-1876	笑傲江湖	manual	初代笑傲江湖（別名撞到日月神教）
twp/pc-098	twp	暗黑破壞神 II: 攻略集	https://nostalib.simagame.me/guidebooks/twp/pc-098	cdg-2466	暗黑破壞神2	exact	
twp/pc-099	twp	霹靂奇俠傳 完全攻略集	https://nostalib.simagame.me/guidebooks/twp/pc-099	cdg-2708	霹靂奇俠傳	exact	
twp/pc-100	twp	三國志VII 攻略集	https://nostalib.simagame.me/guidebooks/twp/pc-100	cdg-0216	三國志7	exact	
twp/pc-102	twp	駭客帝國2 攻略集	https://nostalib.simagame.me/guidebooks/twp/pc-102	cdg-2273	黑暗帝國2	exact	
twp/pc-103	twp	戰略高手 攻略集	https://nostalib.simagame.me/guidebooks/twp/pc-103	cdg-0768	地面控制1	exact	
twp/pc-104	twp	聖章女神傳說 完全攻略指南	https://nostalib.simagame.me/guidebooks/twp/pc-104	cdg-4818	聖章：女神傳說	exact	
twp/pc-105	twp	世紀帝國II 征服者入侵 攻略集	https://nostalib.simagame.me/guidebooks/twp/pc-105	cdg-5211	征服者入侵	exact	
twp/pc-106	twp	恐龍危機 完全攻略集	https://nostalib.simagame.me/guidebooks/twp/pc-106	cdg-1752	恐龍危機	exact	
twp/pc-107	twp	新天使帝國 攻略設定集	https://nostalib.simagame.me/guidebooks/twp/pc-107	cdg-2328	新天使帝國	exact	
twp/pc-108	twp	柏德之門2 攻略集	https://nostalib.simagame.me/guidebooks/twp/pc-108	cdg-3087	柏德之門2	exact	
twp/pc-109	twp	紅色警戒2 攻略集	https://nostalib.simagame.me/guidebooks/twp/pc-109	cdg-2066	終極動員令：紅色警戒2	manual	
twp/pc-110	twp	新神鵰俠侶  完全攻略集	https://nostalib.simagame.me/guidebooks/twp/pc-110	cdg-2342	新神鵰俠侶	exact	
twp/pc-112	twp	特攻神諜 攻略集	https://nostalib.simagame.me/guidebooks/twp/pc-112	cdg-5379	特攻神諜	manual	台灣微軟代理（實物盒背佐證）
twp/pc-113	twp	軒轅劍參～天之痕 完全攻略集	https://nostalib.simagame.me/guidebooks/twp/pc-113	cdg-1885	軒轅劍外傳：天之痕	manual	軒轅劍外傳：天之痕
twp/pc-114	twp	鍊金術士～艾莉 完全攻略集	https://nostalib.simagame.me/guidebooks/twp/pc-114	cdg-3596	鍊金術士艾莉	exact	
twp/pc-115	twp	太平天國天下一統 攻略集	https://nostalib.simagame.me/guidebooks/twp/pc-115	cdg-0487	太平天國：天下一統	exact	
twp/pc-116	twp	惡靈古堡3 攻略集	https://nostalib.simagame.me/guidebooks/twp/pc-116	cdg-1776	惡靈古堡3	exact	
twp/pc-117	twp	三國志七 威力加強版 攻略集	https://nostalib.simagame.me/guidebooks/twp/pc-117	cdg-0216	三國志7	manual	威力加強版仍歸三國志7
twp/pc-118	twp	霹靂風暴 攻略集	https://nostalib.simagame.me/guidebooks/twp/pc-118	cdg-2716	霹靂風暴	exact	
twp/pc-119	twp	軒轅伏魔錄 攻略集	https://nostalib.simagame.me/guidebooks/twp/pc-119	cdg-1880	軒轅伏魔錄	exact	
twp/pc-120	twp	傲世三國 攻略集	https://nostalib.simagame.me/guidebooks/twp/pc-120	cdg-5374	傲世三國	manual	
twp/pc-121	twp	魔法門VIII 毀天滅地 攻略集	https://nostalib.simagame.me/guidebooks/twp/pc-121	cdg-3733	魔法門8：毀天滅地	exact	
twp/pc-122	twp	龍族 完全攻略集	https://nostalib.simagame.me/guidebooks/twp/pc-122			none	龍族，線上遊戲，不收
twp/pc-124	twp	機甲爭霸戰 4: 復仇者 攻略集	https://nostalib.simagame.me/guidebooks/twp/pc-124	cdg-3226	機甲爭霸戰4：復仇者	exact	
twp/pc-125	twp	古龍群俠傳 攻略集	https://nostalib.simagame.me/guidebooks/twp/pc-125	cdg-5096	古龍群俠傳	exact	
twp/pc-126	twp	風雲2 七武器 完全攻略集	https://nostalib.simagame.me/guidebooks/twp/pc-126	cdg-1535	風雲2：七武器	exact	
twp/pc-128	twp	魔域爭霸 攻略集	https://nostalib.simagame.me/guidebooks/twp/pc-128	cdg-3680	魔域爭霸	exact	
twp/pc-129	twp	暗黑破壞神2資料片 官方攻略集 (Diablo II expansion set lord of destruction)	https://nostalib.simagame.me/guidebooks/twp/pc-129			none	暗黑破壞神2 資料片「毀滅之王」，catalog 未獨立收
twp/pc-131	twp	新仙劍奇俠傳 攻略集	https://nostalib.simagame.me/guidebooks/twp/pc-131	cdg-2319	新仙劍奇俠傳	exact	
twp/pc-132	twp	新仙劍奇俠傳 完全攻略集	https://nostalib.simagame.me/guidebooks/twp/pc-132	cdg-2319	新仙劍奇俠傳	exact	
twp/pc-136	twp	七俠五義之包公疑雲 攻略集	https://nostalib.simagame.me/guidebooks/twp/pc-136	cdg-3926	搖滾少林系列：七俠五義3D	manual	
twp/pc-137	twp	大漠英雄傳成吉思汗 完全攻略集	https://nostalib.simagame.me/guidebooks/twp/pc-137	cdg-0819	成吉思汗：大漠英雄傳	manual	成吉思汗：大漠英雄傳
twp/pc-142	twp	笑傲江湖貳 五嶽劍派 完全攻略集	https://nostalib.simagame.me/guidebooks/twp/pc-142	cdg-1877	笑傲江湖2五嶽劍派	exact	
twp/pc-145	twp	魔鬼戰將2勇者無敵 攻略集	https://nostalib.simagame.me/guidebooks/twp/pc-145	cdg-3780	魔鬼戰將2	manual	
twp/pc-149	twp	三國趙雲傳 攻略集	https://nostalib.simagame.me/guidebooks/twp/pc-149	cdg-0252	三國趙雲傳	exact	
twp/pc-150	twp	幻世錄II魔神戰爭 完全攻略集	https://nostalib.simagame.me/guidebooks/twp/pc-150	cdg-0565	幻世錄2：魔神戰爭	exact	
twp/pc-152	twp	三國之星海風雲II 完全攻略集	https://nostalib.simagame.me/guidebooks/twp/pc-152	cdg-0205	三國之星海風雲2	exact	
twp/pc-153	twp	恐龍危機II 完全攻略集	https://nostalib.simagame.me/guidebooks/twp/pc-153	cdg-1753	恐龍危機2	exact	
twp/pc-154	twp	PSO夢幻之星網路版 完全攻略集	https://nostalib.simagame.me/guidebooks/twp/pc-154			none	PSO 夢幻之星網路版，網路遊戲
twp/pc-156	twp	世紀爭霸 完全攻略集	https://nostalib.simagame.me/guidebooks/twp/pc-156	cdg-0671	世紀爭霸	manual	
twp/pc-159	twp	新神奇傳說Ⅲ~Farland Symphony~完全攻略集	https://nostalib.simagame.me/guidebooks/twp/pc-159	cdg-2341	新神奇傳說3	manual	
twp/pc-160	twp	軒轅劍肆 完全攻略集	https://nostalib.simagame.me/guidebooks/twp/pc-160	cdg-1886	軒轅劍4：黑龍舞兮雲飛揚	manual	軒轅劍肆＝黑龍舞兮雲飛揚
twp/pc-164	twp	絕冬城之夜 完全攻略集	https://nostalib.simagame.me/guidebooks/twp/pc-164	cdg-2091	絕冬城之夜	manual	
twp/pc-165	twp	冰風之谷II 完全攻略集	https://nostalib.simagame.me/guidebooks/twp/pc-165	cdg-1698	冰風之谷2	exact	
twp/pc-166	twp	神機世界2 完全攻略集	https://nostalib.simagame.me/guidebooks/twp/pc-166	cdg-5381	神機世界2：遙遠的約定	manual	
twp/pc-167	twp	絕冬城之夜：世界設定集	https://nostalib.simagame.me/guidebooks/twp/pc-167	cdg-2091	絕冬城之夜	manual	世界設定集，同款
twp/pc-169	twp	戰地風雲1942 完全攻略集	https://nostalib.simagame.me/guidebooks/twp/pc-169	cdg-3381	戰地風雲1942	manual	
twp/pc-170	twp	魔戒首部曲魔戒現身 完全攻略集	https://nostalib.simagame.me/guidebooks/twp/pc-170	cdg-3703	魔戒首部曲	manual	
twp/pc-171	twp	仙劍奇俠傳二 完全攻略集	https://nostalib.simagame.me/guidebooks/twp/pc-171	cdg-1565	仙劍奇俠傳2	exact	
twp/pc-172	twp	模擬城市 福爾摩沙 完全施政指南	https://nostalib.simagame.me/guidebooks/twp/pc-172	cdg-3178	模擬城市4：福爾摩沙	manual	福爾摩沙＝模擬城市4
twp/ps-001	twp	西遊記 完全攻略指南	https://nostalib.simagame.me/guidebooks/twp/ps-001	cdg-0893	西遊記	manual	PS 平台攻略本，是否同款待確認
twp/ps-002	twp	龍士傳說 完全攻略指南	https://nostalib.simagame.me/guidebooks/twp/ps-002			none	龍士傳說，PS 平台，catalog 無條目
