bucket	ids	published	date	section	line	text
DECIDE	cdg-4519	cdg-4519:true	2026-06-20	(前言平鋪)	12	真命天子（cdg-4519）— Windows 即時戰略、非 DOS，是否符合收錄範圍待定；發行年 1997／1999 兩說，待確認正式發行年（2026-06-20）
SOURCE	cdg-4520	cdg-4520:true	2026-06-20	(前言平鋪)	13	如意集（cdg-4520）— 僅一手來源（青衫 Omega 說明書轉貼），Apple II 1985 冷門款；先前 pipeline 曾誤判 reject，待補佐證並確認收錄（2026-06-20）
SOURCE	cdg-2930|cdg-2931	cdg-2930:true,cdg-2931:false	2026-06-20	(前言平鋪)	16	凱撒大帝2（cdg-2930）— 發行歧異：使用者 hint「第三波原裝進口」，但證據（青衫＋catalog）顯示為松崗中文版；「第三波」對應的是凱撒大帝3（cdg-2931）。已依證據寫成松崗中文版，待確認是否另有第三波進口版（2026-06-20）
SOURCE	cdg-2261	cdg-2261:true	2026-06-20	(前言平鋪)	17	黃飛鴻－鐵雞鬥蜈蚣（cdg-2261）— 資料極稀（青衫無介紹頁），genre 暫用「格鬥」、實際玩法/角色查無，待補佐證（2026-06-20）
SOURCE	cdg-4522	cdg-4522:true	2026-06-20	(前言平鋪)	18	龍城飛將（cdg-4522，艾生）— 使用者於雜誌廣告所見、已建 stub；全網查無線上條目，year/genre/platform/玩法皆 null 待補；「第一款中國空軍飛行模擬」之說待考（2026-06-20）
SOURCE	cdg-4523	cdg-4523:true	2026-06-20	(前言平鋪)	19	刀劍決（cdg-4523，花道）— 使用者於雜誌廣告所見、已建 stub；全網查無線上條目，year/genre/內容皆 null 待補（2026-06-20）
SOURCE	cdg-3620	cdg-3620:true	2026-06-20	(前言平鋪)	20	馬場大亨（cdg-3620）— developer「紅螞蟻工作室」為使用者提供，公開來源（PTT/Fandom/青衫/百科）僅見發行商智冠、查無此開發團隊佐證，待查（2026-06-20）
?	cdg-3458	cdg-3458:true	2026-06-20	(前言平鋪)	21	華麗人生（一代）— 日本 Fairytale 原作（華麗なる人生，X68000 1992），台灣天堂鳥僅代理二代（cdg-3458）；一代無台灣發行，依「只收台灣發行/代理」準則暫不建檔（2026-06-20）
SOURCE	cdg-4283	cdg-4283:true	2026-06-20	(前言平鋪)	22	六道天書（cdg-4283）— 使用者 hint「幻想風暴 研展開發」公開來源查無此公司，實為旭力亞自製、元古科技代理（已訂正），待查幻想風暴是否為內部小組（2026-06-20）
CLOSE	cdg-0592	cdg-0592:true	2026-06-20	(前言平鋪)	23	幻舞天使（cdg-0592）— 使用者 hint「華彩軟體」有誤（華彩＝Soft China、與本作無關），實為韓國 Garam & Baram 開發、Kama 原韓發行、聖教士代理（已訂正）（2026-06-20）
SOURCE	cdg-1531	cdg-1531:true	2026-06-20	(前言平鋪)	24	風色幻想SP（cdg-1531）— 使用者 hint「軟體世界(智冠)發行」查無佐證，多源記弘煜自行發行（暫採弘煜），待查（2026-06-20）
SOURCE	cdg-4524	cdg-4524:true	2026-06-20	(前言平鋪)	25	速食店（cdg-4524）— 是《便利商店》的資料片（非獨立遊戲），暫獨立建檔；確切發行細節待補（2026-06-20）
SOURCE	cdg-3449	cdg-3449:false	2026-07-03	(前言平鋪)	30	英雄聖戰2（cdg-3449）— 使用者清單標副標「聖劍戰爭」，但線上唯一來源青衫僅作「英雄聖戰2」、Bangumi／巴哈皆查無此副標；title_zh 暫維持「英雄聖戰2」、副標收 alias 待佐證。genre 依青衫「即時戰略」改 RTS（與初代 SRPG 不同、亦僅青衫一源）。2 代網路足跡極稀，僅青衫一源（2
SOURCE	cdg-4833	cdg-4833:false	2026-07-03	(前言平鋪)	31	飄羽系列（cdg-4833/4834/4835）— Exe Create（大阪商業公司，非同人）動作 RPG，協和／光譜代理；台灣中文版精確發售日多為月份層級、部分單源（xuite/巴哈），待補確切日期。現代重製《Frane: Dragons' Odyssey》(KEMCO) 重製對象為 Frane III 或整個系列
SOURCE	-	(無id)	2026-06-21	(前言平鋪)	32	夏日物語 細節待補 — 確切發行日 1992/9/20 與韓文版（SKC Softland）目前皆 9imx 單源，待第二源；發行年另有 1994 一說（GRX 站），多源採 1992（2026-06-21）
SOURCE	cdg-2732	cdg-2732:true	2026-06-21	(前言平鋪)	33	夢幻天使（cdg-2732）— 未見於 GRX 作品年表，developer「琪薇」歸屬仍缺第一手佐證，維持待考（2026-06-21）
SOURCE	cdg-4113|cdg-1412|cdg-4113	cdg-4113:true,cdg-1412:缺檔,cdg-4113:true	2026-06-21	(前言平鋪)	34	魔法皇冠（cdg-4113）疑與 皇室血裔1（cdg-1412）重複 — 兩者皆 KOEI 1991、實為同作 Royal Blood／Gemfire 的不同中文譯名（魔法皇冠＝第三波 DOS 版名、皇室血裔＝Royal Blood 直譯）。本次依使用者指定完成 cdg-4113，未合併；待決是否 dedup（2026
SOURCE	cdg-1192	cdg-1192:true	2026-06-21	(前言平鋪)	35	波斯王子2：影與火（cdg-1192）外盒語言待考 — 雜誌廣告佐證松崗代理、遊戲本體未中文化；外盒是原版包裝或中文外盒不確定，暫標 localization_level: packaging（2026-06-21）
SOURCE	cdg-0503	cdg-0503:true	2026-06-21	(前言平鋪)	37	太閣立志傳 用字 — catalog 用「太閣」（閣），正確應為「太閤」（閤，秀吉官職）；series 頁與 cdg-0503~0507 標題沿用「閣」，待決是否全面正名（2026-06-21）
SOURCE	cdg-2304	cdg-2304:true	2026-06-21	(前言平鋪)	38	文明帝國2（cdg-2304）中文化程度 — 依使用者「原版包裝＋中文手冊」標 `packaging`、content_language=en；惟青衫原將其列 zh-content，第三波版實物佐證未取得，待確認（2026-06-21）
EDIT	cdg-0039|cdg-4085	cdg-0039:true,cdg-4085:缺檔	2026-06-21	(前言平鋪)	39	鐵路A計畫 重複 — cdg-0039（A列車3，資料較全、已發佈為正本「鐵路A計畫」）與 cdg-4085（鐵路A計畫，offlinelist stub、留 unpublished）為同一遊戲 Artdink《A列車で行こうIII》，待 dedup/merge（2026-06-21）
SOURCE	cdg-1707	cdg-1707:true	2026-06-21	(前言平鋪)	40	射鵰英雄傳（cdg-1707）license — 由 unofficial 改 official（智冠 1992 金庸授權、第二款）；惟「射鵰已授權」僅由框架推論、無單獨一手句，待二次佐證（2026-06-21）
SOURCE	cdg-1136	cdg-1136:true	2026-06-21	(前言平鋪)	41	江湖外傳（cdg-1136）發行年 — repo/offlinelist 作 1994、青衫之友作 1993；暫採 1994、待釐清（2026-06-21）
SOURCE	cdg-2394	cdg-2394:true	2026-06-21	(前言平鋪)	42	明星職棒2（cdg-2394）中文化程度 — 線上查無，暫標 packaging／content_language=en（US 棒球模擬、軟體世界發行之時代慣例推論），待實物佐證（2026-06-21）
SOURCE	cdg-4291	cdg-4291:true	2026-06-21	(前言平鋪)	43	七俠五義：包公疑雲（cdg-4291）開發/發行掛名分歧 — 採「新瑞獅製作、第三波發行」（與使用者一致）；對岸百科多記「第三波科技研發」，金超群任藝術形象指導；待釐清（2026-06-21）
SOURCE	cdg-1160	cdg-1160:true	2026-06-21	(前言平鋪)	44	決戰皇陵（cdg-1160）— developer 採「大宗師工作室」、publisher 漢堂；大宗師是否為漢堂內部團隊待確認；製作人員名單僅 Omega 單源、未補入（2026-06-21）
SOURCE	cdg-2990|cdg-4291|cdg-0457	cdg-2990:true,cdg-4291:true,cdg-0457:true	2026-06-21	(前言平鋪)	45	公司頁待建 — 華彩軟體（劍靈 cdg-2990 發行）、新瑞獅（七俠五義 cdg-4291 製作）、大點科技（魚美人 cdg-0457 開發）；大點科技 developer_region（TW/CN）亦待考（2026-06-21）
?	cdg-0457	cdg-0457:true	2026-06-21	(前言平鋪)	46	魚美人（cdg-0457）— 開發商由「愛勝」訂正為「大點科技」、年份 2002→2001（百度百科：2001-08-26 智冠發行）；「愛勝科技」查無佐證、研判為 AI 摘要幻覺（2026-06-21）
EDIT	cdg-3727|cdg-3998|cdg-3727	cdg-3727:true,cdg-3998:缺檔,cdg-3727:true	2026-06-21	(前言平鋪)	47	魔法門3（cdg-3727）與 cdg-3998（魔法門III stub、軟體世界珍140）重複 — 同款 Might & Magic III 智冠/軟體世界中文版，cdg-3727 為正本已發佈，待 dedup；license 暫標 unofficial（軟體世界 budget 未授權假設）、中文版年 1992 僅青
SOURCE	cdg-1361	cdg-1361:true	2026-06-21	(前言平鋪)	48	陸空戰將（cdg-1361）— ＝Strike Commander(Origin/EA 1993)；是否真有台灣中文版 vs 僅通行譯名待查，暫標 packaging/en/unofficial（2026-06-21）
?	cdg-2410	cdg-2410:true	2026-06-21	(前言平鋪)	49	X戰機（cdg-2410）— 標題由殘缺「星際大戰：」訂正為「星際大戰：X翼戰機」(Star Wars: X-Wing, 松崗代理首作)；中文化程度查無、暫 packaging/en（2026-06-21）
SOURCE	cdg-0295|cdg-4526	cdg-0295:true,cdg-4526:true	2026-06-21	(前言平鋪)	50	中國（cdg-0295）／中國貳（cdg-4526）台灣發行商待查 — 中國貳的「光譜/網竣」為維基單源；中國貳係 Windows 2002（DOS 範圍外、依過渡期慣例收錄、手建並補 id-registry）（2026-06-21）
SOURCE	cdg-1306	cdg-1306:true	2026-06-21	(前言平鋪)	51	奇門遁甲之九五真龍（cdg-1306）— license 由 unofficial 改 null（智冠原創、朱元璋明朝題材、無第三方 IP）；發行年 1993/1994 兩說、製作人僅單一電商來源未採（2026-06-21）
?	cdg-1656	cdg-1656:true	2026-06-21	(前言平鋪)	52	倚天屠龍記（cdg-1656）— 開發單位「年輕槍手工作室」、license unofficial→official（金庸授權系列）；「製作人徐昌隆」為誤植（徐昌隆/河洛屬 1996《金庸群俠傳》），勿採（2026-06-21）
?	cdg-1034	cdg-1034:true	2026-06-21	(前言平鋪)	53	四川麻將（cdg-1034）— 使用者 hint「台軟科技」查無佐證（old-games.ru 中「台軟」有廠商名但無對應作品）；維持開發商尋夢園、年份 1992→1993 訂正；研判台軟款不存在（2026-06-21）
?	cdg-4061	cdg-4061:true	2026-06-21	(前言平鋪)	54	第十八空降旅（cdg-4061）— 訂正為光譜資訊(T-Time)自製、native、年份 1992→1993；非「光譜代理外國兵棋」（使用者推測的外國原作查無）（2026-06-21）
SOURCE	cdg-2448|cdg-1939	cdg-2448:true,cdg-1939:true	2026-06-21	(前言平鋪)	55	傑克豆工作室（時空異變 cdg-2448／異域奇兵 cdg-1939）發行商待考 — omega 單源記「宏申資訊」發行、編年史記傑克豆自行發行；傑克豆是否隸屬某公司亦無實證，勿寫死。異域奇兵劇情查無、未補（2026-06-21）
?	cdg-4254	cdg-4254:true	2026-06-21	(前言平鋪)	56	特技島（cdg-4254）— 英文原作 Stunt Island(The Assembly Line/Disney 1992) 確證；「第三波代理」僅 rwv 單源、台灣版年份與中文化程度查無，暫標 packaging/en（2026-06-21）
?	cdg-2303	cdg-2303:true	2026-06-21	(前言平鋪)	57	文明帝國1（cdg-2303）— genre 由教育養成改策略（4X 回合制，與文明帝國2 一致）；第三波 packaging（系列至文明帝國V 才首次官方繁中）（2026-06-21）
SOURCE	cdg-0161	cdg-0161:true	2026-06-21	(前言平鋪)	58	「H.C.L」署名身分待考 — 見於《軟體世界》雜誌作者署名，亦見於《七笑拳》(cdg-0161) 工作人員名單（staff 已收）；真實身分不明，**與劉昭毅無關**，待考是否值得另立人物頁（2026-06-21）
SOURCE	cdg-2845	cdg-2845:true	2026-06-21	(前言平鋪)	60	蜥蜴超人（cdg-2845）— DOMO 小組歸屬僅百度系單源、未採；主角名「蕭建仁/健仁」維基與青衫拼法不一，採維基「建」（2026-06-21）
?	cdg-2476	cdg-2476:true	2026-06-21	(前言平鋪)	61	最後武力（cdg-2476）發行年 — 多數年表（Fandom/巴哈/PTT）作 1991、青衫之友作 1990；採 1991（2026-06-21）
SOURCE	cdg-2125	cdg-2125:true	2026-06-21	(前言平鋪)	62	緋王傳2（cdg-2125）訂正 — 原誤標 native/大宇/角色扮演/TW；實為日本 Wolf Team 開發、Telenet 原發行、大宇代理中文版，已改 localized/Wolf Team(JP)/策略/series 緋王傳。日本原作 PC-9801 年份 1993/1994 兩說待考；「大宇第一款日本代
SOURCE	cdg-2905|cdg-2906	cdg-2905:true,cdg-2906:true	2026-06-21	(前言平鋪)	63	銀河英雄傳說IV EX（cdg-2905 DOS／cdg-2906 Windows）— 釐清為同作不同平台版（非重複）：2905 微波 DOS、2906 大宇 Windows95 移植，已拆分圖／來源並互連。日本原版年 1996/1997 異說、微波→大宇代理權轉移為彙整推論待考（2026-06-21）
SOURCE	cdg-2907	cdg-2907:true	2026-06-21	(前言平鋪)	64	銀河英雄傳說V（cdg-2907）— 台版年 2000、發售元 Bothtec、3DCG/200+動畫/60+劇本皆單源或推定，待考；日本原版 1998（2026-06-21）
?	cdg-3094	cdg-3094:true	2026-06-21	(前言平鋪)	65	格鬥拳王（cdg-3094）— 玩法描述僅青衫之友單源；genre 由運動動作改格鬥（清版動作）；與 SNK 拳皇 KOF 無關（2026-06-21）
DECIDE	cdg-1651|cdg-1652|cdg-1651|cdg-1652|cdg-1651	cdg-1651:缺檔,cdg-1652:true,cdg-1651:缺檔,cdg-1652:true,cdg-1651:缺檔	2026-06-21	(前言平鋪)	67	倉庫世家 撞名待決（cdg-1651 vs cdg-1652）— cdg-1651「倉庫世家」實為外國 shareware Box World（Jeng-Long Jiang、Win3.1、無台灣發行、無中文化），嚴格說在收錄範圍外；大宇真正的《倉庫世家》是 cdg-1652「倉庫世家：精彩篇」（方格子研發[單源]/大
SOURCE	cdg-4528	cdg-4528:缺檔	2026-06-21	(前言平鋪)	68	春秋爭霸傳二（cdg-4528，新建）— 使用者寫「春秋爭霸戰2」係下載站誤植，正名《春秋爭霸傳二：問鼎天下》（大宇 1996）；製作人員查無多源、未填；catalog_id 待補（2026-06-21）
?	cdg-3707	cdg-3707:true	2026-06-21	(前言平鋪)	69	魔法世紀2（cdg-3707）發行年 — 多數源作 1994、Fandom 著錄作 1995；採 1994。續作開發團隊狂徒創作群僅 Newton 單源、未寫入 dev_team（2026-06-21）
SOURCE	cdg-3770	cdg-3770:true	2026-06-21	(前言平鋪)	70	魔神戰記2（cdg-3770）發行年 — 1996（開發/上市）與 1997（Fandom 發售 1997-01-15）兩說，採 1997；製作「亞特斯小組」未設 dev_team（2026-06-21）
SOURCE	cdg-3070	cdg-3070:true	2026-06-21	(前言平鋪)	71	末日寶典（cdg-3070）發行商 — 宏申資訊僅 omega 單源、未寫入 publisher_tw；傑克豆工作室是否正式公司登記待考（2026-06-21）
?	cdg-1487	cdg-1487:true	2026-06-21	(前言平鋪)	72	美少女特勤組（cdg-1487）— year 由日本原版 1994 改台版 1995；genre 一手 omega 偏 AVG（採角色扮演，body 註明含 AVG）；developer_region 補 JP（2026-06-21）
SOURCE	cdg-2350	cdg-2350:true	2026-06-21	(前言平鋪)	73	新美女拳（cdg-2350）— catalog_id 現為 RSZ001、惟盒裝代碼為 SR907，疑不符待查；developer 花與蝴蝶國別無一手佐證、維持 null；是否有前作「美女拳」待考（2026-06-21）
SOURCE	cdg-1366	cdg-1366:true	2026-06-21	(前言平鋪)	74	隋唐爭霸（cdg-1366）— 斯普軟件＝成都大陸廠（developer_region 補 CN、localization 改 localized）；與斯普《新隋唐演義》(2002) 關係不明、勿合併；斯普為大陸廠主要靠 omega+zhihu，待硬佐證（2026-06-21）
?	cdg-1367	cdg-1367:true	2026-06-21	(前言平鋪)	75	隋唐群雄傳（cdg-1367）— 正名「隋唐群雄傳」（bilibili UP 標「隋唐英雄傳」係誤植、已列 alias）（2026-06-21）
?	cdg-1365	cdg-1365:true	2026-06-21	(前言平鋪)	76	隋唐演義（cdg-1365）— 已擴充正文；流通缺片、玩法細節查無；分類索引有「角色扮演」異說，採回合策略（2026-06-21）
?	cdg-0195	cdg-0195:true	2026-06-21	(前言平鋪)	77	卒業旅行（cdg-0195）— chiuinan 標原開發「G.Labo」與日文維基等多源「JANIS」衝突、採 JANIS；developer_region 補 JP（2026-06-21）
SOURCE	cdg-0458	cdg-0458:true	2026-06-21	(前言平鋪)	78	天地劫三部曲（cdg-0458/0459/0460）— 三作皆漢堂開發、智冠代理（已補 publisher 智冠）；漢堂後被智冠收購改名智樂堂，與宇峻奧汀無關；0460 正名「天地劫外章：寰神結」（官方「外章」，俗稱「外傳」列 alias）；0459/0460 製作名單主要倚維基、待實體佐證（2026-06-21）
SOURCE	cdg-0784	cdg-0784:true	2026-06-21	(前言平鋪)	79	塔克拉瑪干：敦煌傳奇（cdg-0784）— 1995 PC 原版、後移植 Mac/SS/PS（platform_note 僅標 Windows）；語言版本數 9 vs 10 異說；「84 年度傑出資訊獎」單源待考（2026-06-21）
?	cdg-4529	cdg-4529:true	2026-06-21	(前言平鋪)	80	星河戰士（cdg-4529，新建）— MX-151、Apple II 1987、精訊發行、劉昭毅在學獨力開發，「中文第一款 RPG」；平台 Apple II（非 DOS，依早期平台前收政策收錄）；協力者李永志/葉明璋僅 cngames 單源、未入 staff（2026-06-21）
SOURCE	cdg-2172	cdg-2172:true	2026-06-21	(前言平鋪)	83	地標款殘留待考 — 仙劍「上市首日售罄萬份」僅單源（已軟化未寫死數字）；笑傲江湖 size:1CD 疑誤（1993 DOS 20MB 應為磁片）、發行日 3/29 與人物數 31 單源待考；三國群英傳 publisher 智冠僅 chiuinan/catalog 單源；軒轅劍2 六人編劇名單僅 chiuinan 單源（
SOURCE	cdg-2865|cdg-2874|cdg-2874|cdg-2865|cdg-2874	cdg-2865:true,cdg-2874:缺檔,cdg-2874:缺檔,cdg-2865:true,cdg-2874:缺檔	2026-06-21	(前言平鋪)	84	金庸群俠傳 重複 — 正本＝cdg-2865（智冠/河洛 1996，已發佈、已豐富，含 adaptation 金庸、在金庸專題）；cdg-2874 實為 2017 同人版「紳士無雙版」(風礦)、且被合併了 1996 的圖源（legend/jys/jysa/jyx/jyx_sw）。cdg-2874 維持未發佈，待決 de
SOURCE	cdg-3924|cdg-3264|cdg-3265|cdg-3266|cdg-3924	cdg-3924:true,cdg-3264:true,cdg-3265:true,cdg-3266:true,cdg-3924:true	2026-06-21	(前言平鋪)	85	炎龍騎士團 cdg-3924 為 I+II 合輯殘骸 — 真正首作＝cdg-3264 邪神之封印(1994 已發佈)、二代 cdg-3265、外傳 cdg-3266；cdg-3924 原 region 誤標 CN/無 developer，已修為漢堂/TW 但維持未發佈，待決 dedup/merge（2026-06-21
SOURCE	cdg-1601	cdg-1601:true	2026-06-21	(前言平鋪)	86	便利商店（cdg-1601）— developer/publisher 富峰群(1999 同年更名遊戲橘子)、region 補 TW、series 補；「銷量120萬套」查無佐證未採（多源僅見上市兩天逾3萬套、1999 銷售冠軍）；平台 DOS vs 早期Windows 單源待考（2026-06-21）
SOURCE	cdg-0691|cdg-0689	cdg-0691:true,cdg-0689:false	2026-06-21	(前言平鋪)	87	印加帝國2（cdg-0691）中文化程度 — 已補完發佈；智冠代理、有中文盒裝掃描（box-front/back）故定 packaging，惟本作 FMV／配音為英文、in-game 是否有中文字幕未確認，content_language 暫 en，待實物佐證。另 cdg-0689「印加帝國」實為 Ubisoft《Th
SOURCE	cdg-3064|cdg-4092|cdg-4092|cdg-3064|cdg-4092	cdg-3064:true,cdg-4092:缺檔,cdg-4092:缺檔,cdg-3064:true,cdg-4092:缺檔	2026-06-22	(前言平鋪)	89	天使角力賽3／擂臺美少女 重複 — cdg-3064（擂臺美少女，資料完整、已補正文發佈用）與 cdg-4092（天使角力賽3(擂臺美少女)，空 stub、offlinelist merge）確認為同一款（Wrestle Angels 3，GREAT/華義/1994）。建議 cdg-4092 併入 cdg-3064（a
SOURCE	cdg-4087	cdg-4087:true	2026-06-22	(前言平鋪)	90	天使角力賽 cdg-4087 genre 待確認 — 系列初代為「卡片戰鬥」摔角，暫定 SPG（運動題材）；可能更適 TBG/FTG，待玩法佐證（2026-06-22）
SOURCE	cdg-1568	cdg-1568:true	2026-06-22	(前言平鋪)	91	仙劍客棧 cdg-1568 開發實體 — 實際由大宇北京子公司「北京軟星」開發（developer 仍標大宇/TW、正文已註明）；待決 developer_region 是否改 CN（2026-06-22）
SOURCE	-	(無id)	2026-06-22	(前言平鋪)	92	製作人員名單查無（本批共通）— 超時空英雄傳說2/外傳/3、聖少女戰隊1/2/3、特勤機甲隊系列、超級醫生3、軒轅聖戰錄、玉蒲團、美國的惡夢 個別 staff（製作人/企劃/美術/音樂）多源查無，未填 staff[]，待實體說明書/credits 佐證（2026-06-22）
SOURCE	-	(無id)	2026-06-22	(前言平鋪)	93	聖少女戰隊原始平台 PC-98 單源 — 僅巴哈孤舟一文明指「PC-98 移植」，chiuinan 僅依檔案推測 DOS；developer_region 已補 JP，平台來源待二次查證（2026-06-22）
SOURCE	cdg-2230	cdg-2230:true	2026-06-22	(前言平鋪)	94	超級醫生3 cdg-2230 平台 — chiuinan/PTT 未逐字標 OS，platform_note: Windows 係依「1998/1CD/圖形版」+既有 frontmatter 推測，待原始包裝佐證（2026-06-22）
?	-	(無id)	2026-06-22	(前言平鋪)	95	西遊釋厄傳 不收錄 — 1997 鈊象街機(Oriental Legend)，DOS/Windows 時代無官方 PC 移植版（露天 MAME 打包、2025 Steam 街機合集均為模擬重發）；依「DOS 時代中文 PC 遊戲」範圍排除（2026-06-22）
SOURCE	cdg-0162|cdg-0163	cdg-0162:true,cdg-0163:true	2026-06-22	(前言平鋪)	96	七英雄外傳：王者之師（cdg-0162）開發歸屬 — 非天堂鳥自製：實為大陸工作室借「七英雄物語」名號開發、天堂鳥子公司福旭發行（與日本姬屋《七英雄物語》cdg-0163/0164 正傳無關）；正文已誠實註明，惟 developer 仍標天堂鳥（無具名陸廠），developer_region 待議（2026-06-22
EDIT	cdg-4150|cdg-4296|cdg-4296|cdg-4150	cdg-4150:true,cdg-4296:false,cdg-4296:false,cdg-4150:true	2026-06-22	(前言平鋪)	97	邪神 重複 — cdg-4150（邪神，已補正天堂鳥/1997/RPG/武俠+正文，作正本）與 cdg-4296（邪神 Evil God，空 stub、omega 來源）為同一款，待 dedup（cdg-4296 併入 cdg-4150，英文名 Evil God 已收為 4150 alias）（2026-06-22）
SOURCE	cdg-3906	cdg-3906:true	2026-06-22	(前言平鋪)	98	天帝之子（cdg-3906）發行年 — 已補 developer 天堂鳥/福旭發行/RPG；year 採 1998（DB/Fandom），另有 1997-01-15 異說，正文已並陳，待定奪（2026-06-22）
SOURCE	cdg-0166|cdg-0165	cdg-0166:true,cdg-0165:true	2026-06-22	(前言平鋪)	99	八女神物語2（cdg-0166）成人向 — 一代 cdg-0165 標 adult:true，二代攻略稱「遮蔽率增加」、無權威分級佐證，暫未標 adult，待考（2026-06-22）
?	cdg-4531	cdg-4531:true	2026-06-22	(前言平鋪)	100	諸神的封印（cdg-4531，新建）— 天堂鳥 1997 自製 DOS RPG，資料主要靠 bangumi subject-343212（1997-07-15、岩仔尋勇士號角對抗鬼王共古）；catalog_id/製作人員查無（2026-06-22）
EDIT	cdg-1032|cdg-4086|cdg-1032	cdg-1032:true,cdg-4086:缺檔,cdg-1032:true	2026-06-22	(前言平鋪)	101	四川省3 重複 — cdg-1032（四川省3天府之國，已補正文發佈用）與 cdg-4086（同名空 stub、offlinelist@merge）為同一款，待 dedup 併入 cdg-1032（2026-06-22）
?	cdg-3842	cdg-3842:true	2026-06-22	(前言平鋪)	102	百戰水管工（cdg-3842）開發商查無 — 宏碁發行、1995 接水管益智（Pipe Mania 類）；developer 留 null（推測宏碁旗下/第三波，無一手佐證），region 暫 TW（2026-06-22）
SOURCE	cdg-3932	cdg-3932:true	2026-06-22	(前言平鋪)	103	智聖鮮師（cdg-3932）玩法待考 — 第三波 1994、「至聖先師」諧音、模擬經營（CMS）；玩法/劇情查無文字資料（僅封面與截圖），辦學經營為合理推斷（2026-06-22）
?	cdg-2933	cdg-2933:true	2026-06-22	(前言平鋪)	104	凱蘭迪亞傳奇1（cdg-2933）台版年查無 — 第三波中文化確認，但台灣中文版確切發行年無可靠來源，year 暫採原作 1992（2026-06-22）
?	cdg-0503	cdg-0503:true	2026-06-22	(前言平鋪)	105	太閣立志傳 cdg-0503 title「太閣立志傳1」 — 使用者本批未要求去數字，暫保留；如要與「勇者鬥惡龍」初代一致去數字可再處理（2026-06-22）
?	-	(無id)	2026-06-22	(前言平鋪)	106	第三波代理線批次 — 本批 8 款外國遊戲（巫術6/凱蘭迪亞1,2/黑暗王座/沙丘魔堡/太閣立志傳/信長5霸王傳/航空霸業2/A列車4）皆第三波中文化代理；KOEI 遊戲台灣第9代《嵐世記》(2001) 起才由台灣光榮接手（2026-06-22）
SOURCE	cdg-1319	cdg-1319:true	2026-06-23	(前言平鋪)	107	臥虎藏龍之青冥劍（cdg-1319）adaptation.author 與 朝代矛盾 — (a) 目前 `adaptation.author: 李安`（電影導演），與正文點明的小說原作者王度廬不符；schema author 為原著作者，建議改為 `medium: 小說 / author: 王度廬` 或直接拿掉 aut
?	cdg-0369	cdg-0369:true	2026-06-23	(前言平鋪)	109	大富翁6（cdg-0369）developer 與 北京軟星 時間線 — 寫成「軟星科技（北京）開發、developer_region: CN」依 wiki 來源；review agent 質疑北京軟星成立年（2003 vs 2000）與 大富翁6 (2002) 的先後關係，建議核對北京軟星與上海軟星設立年份與大富翁6
SOURCE	cdg-1133|cdg-3875	cdg-1133:true,cdg-3875:true	2026-06-23	(前言平鋪)	113	「太極工作室」歸屬待考 — 江南才子唐伯虎（cdg-1133）與劉備傳（cdg-3875）使用者明示開發為「太極工作室」，但外部公開來源（百度百科／PTT／3DM 等）均未直接證實該名為智冠內部小組還是獨立廠商。兩款條目暫直接掛 developer 太極工作室、publisher_tw 智冠，待第一手資料佐證關係（20
SOURCE	cdg-3855	cdg-3855:true	2026-06-24	(前言平鋪)	114	風雲天下三國篇（cdg-3855）開發商 — 巴哈表格記「至通科技研發、智冠發行」，Fandom 記「智冠開發/發行」；本次依表格採至通科技＋智冠，待實物或廣告二次佐證（2026-06-24）
?	cdg-3359	cdg-3359:true	2026-06-24	(前言平鋪)	115	赤壁之戰（cdg-3359）發行年 — chiuinan/Fandom/既有資料庫作 1994，巴哈表格作 1995-01-01；metadata 暫維持 1994，正文並陳差異（2026-06-24）
?	cdg-1320	cdg-1320:true	2026-06-24	(前言平鋪)	116	臥龍傳（cdg-1320）發行月 — Fandom/既有 metadata 僅作 1995，巴哈表格註記《軟體世界》1995 年 5 月號寫 6 月上旬出版；metadata 暫維持 1995，正文並陳出版預告記法（2026-06-24）
SOURCE	cdg-1392|cdg-4103	cdg-1392:true,cdg-4103:缺檔	2026-06-24	(前言平鋪)	117	勇者鬥惡龍2（cdg-1392）年份與重複 registry — chiuinan/既有 metadata 作 1990，巴哈表格作 1991?；metadata 暫維持 1990，正文並陳。`data/id-registry.json` 另有無 content 檔的 `cdg-4103`「勇者鬥惡龍2」active 
SOURCE	cdg-4540	cdg-4540:true	2026-06-24	(前言平鋪)	118	屠龍戰記（cdg-4540）台灣發售狀態 — 使用者補充本作為韓國 Dot & Bit《Darkness／다크니스》，歡樂盒代理預告、ARPG；見《電腦玩家》第 55 期（1996 年 2 月號）封面故事與《軟體世界》82–88 期「新片動向」延後紀錄，從 3 月下旬延到 10 月未定，是否實際出片待查（2026-06
EDIT	cdg-1796|cdg-4095	cdg-1796:true,cdg-4095:false	2026-06-24	(前言平鋪)	119	復活邪魔 重複 — `cdg-1796`「撼天神塔：復活邪魔」為正本，`cdg-4095`「復活邪魔」是 offlinelist 空 stub，待 dedup/merge（2026-06-24）
EDIT	cdg-1800|cdg-4138	cdg-1800:true,cdg-4138:缺檔	2026-06-24	(前言平鋪)	120	撼天神塔VT 重複 — `cdg-1800`「撼天神塔VT：犧牲者之塔」有 chiuinan 圖與 catalog，作正本；`cdg-4138`「撼天神塔VT」為 offlinelist/rwv 空 stub，待 dedup/merge（2026-06-24）
SOURCE	cdg-4075	cdg-4075:true	2026-06-24	(前言平鋪)	121	Amaranth KH（cdg-4075）細節待補 — 巴哈表格記 FUGA／幸福鴨代理、1996-08-15；既有來源僅 Fandom merge 與表格，劇情、系統、是否與 FUGA 系列哪一作對應仍待實物或日文資料查證（2026-06-24）
?	cdg-1346	cdg-1346:false	2026-06-24	(前言平鋪)	122	Amaranth 3D／亞瑪蘭斯（cdg-1346）年份 — chiuinan/既有 metadata 作 1999，巴哈表格作 1998?；metadata 暫維持 1999，正文並陳（2026-06-24）
?	cdg-4541	cdg-4541:true	2026-06-24	(前言平鋪)	123	金錢帝國黃金版台灣代理佐證 — cdg-4541 依本站作者提供題名與憶弘國際線索建檔；線上來源可佐證《金錢帝國》對應《Capitalism》、開發商為微啟軟件，以及《Capitalism Plus》版本內容，仍需包裝、目錄或雜誌廣告確認代理資訊、發行年份與中文化程度（2026-06-24）
SOURCE	cdg-1476|cdg-1477|cdg-1476	cdg-1476:true,cdg-1477:true,cdg-1476:true	2026-06-24	(前言平鋪)	124	美少女夢工場 Q 正名 — `cdg-1476` 目前 title_zh 為「美少女夢工場」，但內容與 chiuinan path 指向 Princess Maker Q；本批只處理精訊初代正本 `cdg-1477`，`cdg-1476` 待另案正名（2026-06-24）
SOURCE	cdg-2802	cdg-2802:true	2026-06-24	(前言平鋪)	125	瘋狂醫院（cdg-2802）開發實體 — 巴哈表格記「龍翔製作、精訊發行」，既有條目/registry 原記精訊；本次採表格製作／發行分工，龍翔與精訊關係待實體資料佐證（2026-06-24）
SOURCE	cdg-1896	cdg-1896:true	2026-06-24	(前言平鋪)	126	轉校生（cdg-1896）代理權傳聞 — 舊正文提到天堂鳥先代理後轉華義、且可能與辦公室遭砸事件相關，但缺可引用來源；本次自正文移除，待實體雜誌或訪談佐證（2026-06-24）
SOURCE	cdg-0195	cdg-0195:true	2026-06-24	(前言平鋪)	127	卒業旅行（cdg-0195）台灣版年份 — 既有 metadata 作 1997，巴哈表格作 1996?；本次 year 暫改 1996 並在正文保守處理，待包裝或雜誌資料確認（2026-06-24）
SOURCE	cdg-3504	cdg-3504:true	2026-06-24	(前言平鋪)	128	特勤機甲隊2加強版（cdg-3504）發行時間 — chiuinan/Fandom/既有 metadata 作 1996，巴哈表格作 1995-09-10，表格備註另提《軟體世界》92 期作 1996-11-10；metadata 暫維持 1996，正文並陳 1995-09-10 記法，待雜誌或包裝確認（2026-06
DECIDE	cdg-4543	cdg-4543:true	2026-06-24	(前言平鋪)	129	東周列國誌（cdg-4543，新建）— 使用者提供 KudGame 截圖頁建檔、genre 裁定為歷史模擬（HSG）；開發商「CP SOFT」見隱名 PC 遊戲列表，公司中文名／國別未確認（developer_region 留 null）、發行年與平台（DOS/Windows）皆無可靠來源待補；標題用「東周列國誌」（誌
SOURCE	cdg-3593|cdg-3594	cdg-3593:true,cdg-3594:true	2026-06-24	(前言平鋪)	130	鋼鐵騎士團系列原版／台版年份 — cdg-3593《鋼鐵騎士團》台灣表格作 1996-03，FM Towns 清單作 1993-12-18；cdg-3594《鋼鐵騎士團2》台灣表格作 1996-12-05，FM Towns 清單作 1995-01，Fandom 圖源另見 1994 記法。metadata 暫採台灣版年份
SOURCE	cdg-0134|cdg-0737|cdg-2318|cdg-2564|cdg-2015|cdg-0461|cdg-1430|cdg-3767|cdg-3581	cdg-0134:true,cdg-0737:true,cdg-2318:true,cdg-2564:true,cdg-2015:true,cdg-0461:true,cdg-1430:true,cdg-3767:true,cdg-3581:true	2026-06-24	(前言平鋪)	131	天堂鳥代理款台版確切發行日 — 本批多款 year 由「日版原作年」訂正為「天堂鳥台版年」（YES!HG cdg-0134→1996、武姬神傳說 cdg-0737→1995、新世紀興亡史 cdg-2318→1995、逆玉王 cdg-2564→1995、麻雀幻想曲3 cdg-2015→1996、天地無用 cdg-0461
SOURCE	cdg-0737	cdg-0737:true	2026-06-24	(前言平鋪)	132	武姬神傳說（cdg-0737）語言 — 維基中文DOS遊戲列表記「英文版」，但研究查無 GIGA《Variable Geo》官方英文 PC 版；content_language 暫留 zh，待確認天堂鳥版實際語言（2026-06-24）
?	cdg-0441	cdg-0441:true	2026-06-24	(前言平鋪)	133	天使們的午後2（cdg-0441）— 實為 JAST《天使たちの午後 コレクション2》合輯（非單一續作）；台版年 1995/1996 異說、確切日期缺一手（2026-06-24）
SOURCE	cdg-2513	cdg-2513:true	2026-06-24	(前言平鋪)	135	碰龍美戰士（cdg-2513）— 疑日商 PARSLEY 原作（亦記碰美龍戰士）、天堂鳥代理，來源僅搜尋彙整偏弱；developer 暫留天堂鳥、genre 留 null，待一手佐證（2026-06-24）
SOURCE	cdg-2046|cdg-2318	cdg-2046:true,cdg-2318:true	2026-06-24	(前言平鋪)	136	紅色誘惑（cdg-2046）／新世紀興亡史（cdg-2318）18禁存疑 — 品牌（Discovery／Fuga）為成人廠，但兩作本身：RED 未見於 ErogameScape/VNDB 且實機無成人內容、新世紀興亡史青衫中文介紹無成人跡象；暫不標 adult，待確認台版是否刪減（2026-06-24）
SOURCE	cdg-3541|cdg-3608	cdg-3541:true,cdg-3608:true	2026-06-24	(前言平鋪)	138	獨霸武林（cdg-3541）／鐵達尼號：神秘之旅（cdg-3608）publisher_tw「華彩」 — 華彩為對岸再發行商、非台灣代理；台灣發行管道待查（天堂鳥自行發行？），publisher_tw 暫留（2026-06-24）
EDIT	cdg-4109|cdg-4110|cdg-1805|cdg-1786|cdg-1784	cdg-4109:缺檔,cdg-4110:缺檔,cdg-1805:true,cdg-1786:true,cdg-1784:true	2026-06-24	(前言平鋪)	139	愛之物語系列重複 stub — cdg-4109「愛之物語2」、cdg-4110「愛之物語3」疑與 cdg-1805（戀愛白皮書＝if2）、cdg-1786（愛情方程式＝if3）重複，待 dedup/merge；本批已將 cdg-1784/1786/1805 之 series 歸「愛之物語」（2026-06-24）
SOURCE	cdg-3760|cdg-1677	cdg-3760:true,cdg-1677:true	2026-06-24	(前言平鋪)	140	魔界聖女傳（cdg-3760）／光明聖使團（cdg-1677）日文原名查無 — 未杜撰；魔界聖女傳疑與 Apple Pie《メタモルミーナ》引擎相同但屬不同作，待考（2026-06-24）
SOURCE	-	(無id)	2026-06-24	(前言平鋪)	141	天堂鳥旗下工作室／企業沿革（公司頁已補，水色小築來源）— 旗下工作室條列可惡的貓／西塔／紅蠍星（無「...」後續具名）；子公司福旭資訊、英文名 TAN TON NERW→TTN、被台灣皇統併購後轉廈門火鳳凰，細節待二次佐證（2026-06-24）
SOURCE	cdg-4390|cdg-4031	cdg-4390:true,cdg-4031:false	2026-06-24	(前言平鋪)	142	新七顆龍珠／七顆龍珠 重複或異作 — `cdg-4390`「新七顆龍珠」依巴哈表格與 Omega 索引補鴻峻／1994-03／RPG；`cdg-4031`「七顆龍珠」為 Fandom/offlinelist 空 stub，Fandom 圖像來源檔名含 New 7 Dragon Balls。兩者是否同一款待實物標題、包裝
EDIT	cdg-0269|cdg-0270|cdg-0271|cdg-3839	cdg-0269:true,cdg-0270:true,cdg-0271:true,cdg-3839:缺檔	2026-06-24	(前言平鋪)	143	3x3 EYES 系列重複 stub — `cdg-0269` 為「3x3 EYES ～三隻眼變成～」第一作正本；`cdg-0270` 為吸精公主、`cdg-0271` 為轉輪王幻夢；`cdg-3839`「3x3隻眼」疑為 Fandom/offlinelist/rwv 合併來源空 stub，待 dedup/merge（
SOURCE	cdg-4249|cdg-4557|cdg-4558|cdg-0399|cdg-3605	cdg-4249:true,cdg-4557:true,cdg-4558:true,cdg-0399:true,cdg-3605:true	2026-06-27	(前言平鋪)	144	第三波發行批次（殖民帝國 cdg-4249／大海盜黃金版 cdg-4557 新建／鐵路大亨豪華版 cdg-4558 新建）publisher_tw — 依使用者分類標「第三波」，web 查無線上佐證；殖民帝國 catalog_id 缺、兩款新建 catalog_id 待補。大海盜原版 cdg-0399 與鐵路大亨原版 
DECIDE	cdg-1049	cdg-1049:true	2026-06-27	(前言平鋪)	145	國王密使7（cdg-1049）發行商 — 使用者裁定**依第三波軟體目錄標第三波／packaging**；惟線上證據相左（catalog SCD2004＝智冠軟體世界通路、無 3WG 碼、外部來源點名智冠軟體世界代理國王密使、原資料為 foreign 英文版），待實體佐證對照（2026-06-27）
DECIDE	cdg-1297	cdg-1297:true	2026-06-27	(前言平鋪)	146	奇妙大百科2（cdg-1297）授權 — 使用者裁定第三波為正版代理，軟體世界（智冠）「珍323」為**未授權重出版**；developer 由 Sierra 訂正為 Dynamix（Sierra 為國外發行商）。release_codes 保留珍323 為事實，license_status 改 null（2026-0
SOURCE	cdg-4209|cdg-0600|cdg-4209	cdg-4209:true,cdg-0600:true,cdg-4209:true	2026-06-27	(前言平鋪)	147	幽浮 cdg-4209 重複殘樁 — 確認 = cdg-0600（X-COM: UFO Defense／UFO: Enemy Unknown, 1994 初代），cdg-4209 為 boneash@merge 未分類空殼，待正式合併／退役（不發佈，PROD 不出現）（2026-06-27）
SOURCE	cdg-2186|cdg-2187	cdg-2186:true,cdg-2187:false	2026-06-27	(前言平鋪)	148	超級俄羅斯方塊封面錯配 — cdg-2186（Super Tetris）與 cdg-2187（Super Retriss，Rogelio Bernal shareware 仿作）共用同一 rwv 封面 raw/rwv/img/超级俄罗斯方块/cover.png，兩者為不同作品，至少一張封面錯配待人工核對（2026-06
EDIT	cdg-1099|cdg-4189|cdg-4189	cdg-1099:true,cdg-4189:false,cdg-4189:false	2026-06-27	(前言平鋪)	149	巫術1 重複條目 — cdg-1099「巫術」（初代，去序號）與 cdg-4189「巫術：瘋狂城主的試練場」同為 Wizardry: Proving Grounds of the Mad Overlord，待 dedup／cdg-4189 退役（2026-06-27）
SOURCE	cdg-1051|cdg-3985|cdg-3985	cdg-1051:true,cdg-3985:缺檔,cdg-3985:缺檔	2026-06-27	(前言平鋪)	150	御封戰將重複與台灣發行商 — cdg-1051（正本，改名「御封戰將」、補完）與 cdg-3985「御封戰將」空殼重複，cdg-3985 待退役；King's Bounty 當年台灣有官方譯名與繁中手冊（遊戲內英文→packaging）但官方代理商不明、流通多為軟體世界（智冠）「貴226」版，publisher_tw 
SOURCE	cdg-1099|cdg-1102	cdg-1099:true,cdg-1102:true	2026-06-27	(前言平鋪)	151	巫術系列台灣發行歸屬 — SCD 編號為 chiuinan 來源站「合輯光碟」索引、非官方通路碼，不能當台灣發行佐證。巫術1/2/3/5（cdg-1099/1100/1101/1103）無官方台灣發行佐證、維持 foreign；巫術4（cdg-1102）智冠代理僅 chiuinan 單一來源、無智冠 SWT 碼，依使用
?	cdg-1043|cdg-1044	cdg-1043:true,cdg-1044:true	2026-06-27	(前言平鋪)	152	國王密使年份訂正 — 國王密使（cdg-1043）year 1986→1984（原版 PCjr）、國王密使2（cdg-1044）1987→1985（原版年），與系列其他代統一採原版初版年；台灣智冠合輯版年另計（2026-06-27）
SOURCE	-	(無id)	2026-06-27	(前言平鋪)	153	英傑傳系列（孔明傳/曹操傳/織田信長傳/毛利元就傳）— 台灣繁中版確切發行年未定：孔明傳日版 1996（台版約 1997）、曹操傳日版 1998（中文維基另記 1999-01-15）、毛利元就傳日版 1997-05、織田信長傳日版 1998-09；台灣第三波代理為業界通行認知、無光榮官方一手聲明。織田信長傳/毛利元就傳
SOURCE	cdg-0207|cdg-0225|cdg-0207	cdg-0207:true,cdg-0225:true,cdg-0207:true	2026-06-27	(前言平鋪)	154	三國孔明傳（cdg-0207）非重複 — 經查與 cdg-0225「三國志孔明傳」（光榮 1996）為不同作品：cdg-0207 是第三波約 2002 製作、2003 改光譜代理發行的台灣自製 SRPG（五行相生相剋戰鬥）；developer_region 留 null（chiuinan 記台灣第三波、jendow 記
EDIT	cdg-3863|cdg-3533|cdg-3533|cdg-3863	cdg-3863:true,cdg-3533:false,cdg-3533:false,cdg-3863:true	2026-06-28	(前言平鋪)	155	猴島小英雄 重複 — cdg-3863「猴島小英雄」（本批補完發佈，作正本，title 去序號符合慣例）與 cdg-3533「猴島小英雄1：猴島的秘密」（資料較全的舊 stub、智冠）同為 The Secret of Monkey Island、同掛珍069，待 dedup／cdg-3533 併入 cdg-3863（2
SOURCE	cdg-4575	cdg-4575:true	2026-06-28	(前言平鋪)	156	魔術彩球（cdg-4575，新建）X-ROCK — 軟體世界珍藏版珍077，agent 查得 abandonware 標智冠（Soft-World）自製俄羅斯方塊變體（重力消除），故暫標 native/TW/智冠/PZG；公開資料極稀、發行年（暫 null）與「智冠自製」歸屬皆待一手佐證，亦不排除為西方重包裝英文版（2
SOURCE	cdg-4581	cdg-4581:true	2026-06-28	(前言平鋪)	157	A-6入侵者（cdg-4581）開發歸屬 — Flight of the Intruder 開發商 Rowan Software(GB) vs 發行商 Spectrum HoloByte(US) 有分歧；本批採 Rowan Software/GB，待二次佐證（2026-06-28）
?	cdg-4579	cdg-4579:true	2026-06-28	(前言平鋪)	158	全球戰略（cdg-4579）發行商 — Command H.Q. 維基記 Microplay Software（MicroProse 副牌）發行、Ozark Softscape（Dani Bunten）開發；developer 採 Ozark Softscape，原廠發行商未入庫（catalog 只留台灣發行）（202
SOURCE	cdg-1147|cdg-0034	cdg-1147:true,cdg-0034:true	2026-06-28	(前言平鋪)	159	軟體世界珍藏版外文批（本批共通）— cdg-1147/2911/0964/2200/2975/1829/0290/4179/3605/3701 等智冠代理英文款，license 一律暫標 unofficial（軟體世界 budget 未授權假設），與 cdg-0034 等既有同批一致；若實為智冠正式進口則 licens
EDIT	cdg-2976|cdg-4192|cdg-4192|cdg-2976	cdg-2976:true,cdg-4192:false,cdg-4192:false,cdg-2976:true	2026-06-28	(前言平鋪)	160	火星之旅 重複 — cdg-2976「創世紀外傳2：火星之旅」（本批補完發佈，作正本，珍105）與 cdg-4192「火星之旅」（boneash 空 stub）同為 Martian Dreams，待 dedup／cdg-4192 併入 cdg-2976（2026-06-28）
EDIT	cdg-1959|cdg-1958|cdg-1958|cdg-1959	cdg-1959:true,cdg-1958:true,cdg-1958:true,cdg-1959:true	2026-06-28	(前言平鋪)	161	築城大師2（cdg-1959）genre 誤標 — 與 cdg-1958 同為 `LSG`（戀愛養成，錯）；本批已修 cdg-1958→`SLG`，cdg-1959 未在範圍未動，待一併訂正為 SLG（2026-06-28）
SOURCE	cdg-1363	cdg-1363:true	2026-06-28	(前言平鋪)	162	陸軍棋（cdg-1363）歸屬存疑 — 智冠/TW/native/1991 主要靠 chiuinan＋社群整理（巴哈國產總表/中文DOS列表），無強一手佐證；軟體世界珍藏版珍115（softworld scan 確證），developer 智冠待二次佐證（2026-06-28）
SOURCE	cdg-4586	cdg-4586:true	2026-06-28	(前言平鋪)	163	快快樂樂學打字（cdg-4586）— Dvorak on Typing 開發商 Park Place Productions／Presage Software、發行 Interplay（非清單可能暗示的 Software Toolworks）；平台各源不一（DOS/Win/Mac/Amiga）、年份 1991 存疑；珍
CLOSE	cdg-4585	cdg-4585:true	2026-06-28	(前言平鋪)	164	妙賊奇弗（cdg-4585）開發商更正 — 清單若標 New World Computing 有誤，實為 Naughty Dog 首作、Electronic Arts 發行（已採）；珍106（2026-06-28）
?	cdg-4584	cdg-4584:true	2026-06-28	(前言平鋪)	165	F-29/F-14（cdg-4584/4587）同名作辨識 — F-29 Retaliator 採 Digital Image Design(GB)/Ocean 發行、原版 1989 Amiga（DOS 1991）；F-14 Tomcat 同名遊戲多款，本批指 Dynamix/Activision 1990 DOS 版
?	cdg-4230|cdg-3763	cdg-4230:true,cdg-3763:true	2026-06-28	(前言平鋪)	166	幽靈騎士(cdg-4230)/魔眼殺機(cdg-3763) 已掛 adnd 標籤 — 兩款 AD&D 授權作已加 tags:[adnd]、納入「龍與地下城」專題；魔眼殺機 developer 由 SSI 訂正為 Westwood Associates（SSI 為發行商）（2026-06-28）
?	cdg-0034	cdg-0034:true	2026-06-28	(前言平鋪)	167	新A-10坦克殺手（A-10 Tank Killer 1.5, 珍119）不另立條目 — 已由 cdg-0034「A-10坦克殺手」涵蓋（含 1.5 版，release_codes 珍028＋珍119、alias 新A-10坦克殺手），本批使用者列出但無需新建（2026-06-28）
?	cdg-4590	cdg-4590:true	2026-06-28	(前言平鋪)	168	印度王（cdg-4590）僅英國發行 — Champion of the Raj（Level 9 Computing/PSS, 1991）查無美國等地發行，僅 Amiga/ST/PC 英國版；台灣軟體世界珍藏版珍121 收錄（2026-06-28）
SOURCE	cdg-3954	cdg-3954:true	2026-06-28	(前言平鋪)	169	Ｄ計劃（cdg-3954）developer_region 存疑 — D/Generation 設計者 Robert Cook 個人國籍未確證，部分資料視為英國團隊；暫依發行商 Mindscape 標 US，待查（2026-06-28）
?	cdg-4589	cdg-4589:true	2026-06-28	(前言平鋪)	170	魔獸紀元（cdg-4589）開發實況 — Tunnels & Trolls: Crusaders of Khazan 為美日合作：New World Computing（US）設計監督、程式外包日本 Logical Design Works；developer 主欄維持 New World Computing/US（2
?	cdg-3965	cdg-3965:true	2026-06-28	(前言平鋪)	171	艾薇拉（cdg-3965）genre — Elvira 為恐怖 RPG/冒險混血，本批採 RPG（依 CGW 1991 RPG 年度獎定位），若偏圖形冒險操作面亦可 ADV（2026-06-28）
SOURCE	cdg-4595|cdg-4015	cdg-4595:true,cdg-4015:true	2026-06-28	(前言平鋪)	172	天生好手2（cdg-4595）開發商存疑 — Earl Weaver Baseball II：Internet Archive 等列 Mirage Graphics、維基僅標 EA 發行未列開發商；本批 developer 暫採 Electronic Arts，待 MobyGames credits 核實。初代天生好手
CLOSE	cdg-4597|cdg-1938	cdg-4597:true,cdg-1938:true	2026-06-28	(前言平鋪)	173	幻影法師（cdg-4597）genre/developer — Shadow Sorcerer：部分來源把歐版代理 U.S. Gold 誤列 developer，實為 SSI（已採）；genre 即時戰術 AD&D 介於 SRPG/SLG，本批採 SRPG。已掛 adnd 標籤（與異域之門 cdg-1938 同）（20
CLOSE	cdg-4010	cdg-4010:true	2026-06-28	(前言平鋪)	174	納粹飛行祕史（cdg-4010）developer — Secret Weapons of the Luftwaffe 1991 年掛 Lucasfilm Games（已採），首席 Lawrence Holland 團隊後獨立為 Totally Games；維基有時標 Totally Games（2026-06-28）
?	cdg-4598|cdg-3918	cdg-4598:true,cdg-3918:true	2026-06-28	(前言平鋪)	175	小人物狂想曲2（cdg-4598）已標 adult:true — Les Manley: Lost in L.A. 為成人喜劇冒險（與 Leisure Suit Larry 並列）；前作小人物狂想曲＝cdg-3918（珍060）（2026-06-28）
?	cdg-3971	cdg-3971:true	2026-06-28	(前言平鋪)	176	艾薇拉2（cdg-3971）年份 — Elvira II 維基 infobox 作 1992，MobyGames/IA/CRPG Addict 多數作 1991，採 1991（2026-06-28）
?	cdg-1938|cdg-2393	cdg-1938:true,cdg-2393:true	2026-06-28	(前言平鋪)	177	異域之門（cdg-1938）developer — Gateway to the Savage Frontier 開發商 Beyond Software（後改名 Stormfront Studios），MobyGames 多標 Stormfront；本批採 Beyond Software，與明星職棒 cdg-2393 
EDIT	cdg-2969|cdg-4002|cdg-2969|cdg-4002	cdg-2969:true,cdg-4002:false,cdg-2969:true,cdg-4002:false	2026-06-28	(前言平鋪)	178	創世紀7黑月之門 重複 — cdg-2969「創世紀7：黑月之門」（本批補完發佈，Origin/智冠/含 chiuinan，作正本）與 cdg-4002「創世紀 VII：黑月之門」（boneash 空 stub、dev null、原掛 珍160）同為 Ultima VII；本批把 珍160 補到 cdg-2969，cd
SOURCE	cdg-2417|cdg-2417|cdg-2418	cdg-2417:true,cdg-2417:true,cdg-2418:false	2026-06-28	(前言平鋪)	179	星際爭霸戰 珍161 誤掛 8 筆 — softworld scan 把 珍161 同時掛在所有同名「星際爭霸戰」條目（cdg-2417~2425）；實際 珍161＝cdg-2417（Star Trek: 25th Anniversary, Interplay, 本批補完）；cdg-2418~2425（克林貢/博格/新
CLOSE	cdg-4600	cdg-4600:true	2026-06-28	(前言平鋪)	180	攻佔比佛利山莊（cdg-4600）發行商 — The Taking of Beverly Hills 實為 Off The Wall Productions 開發、Capstone Software 發行（已採），清單標 EA 不予採信（查無 EA 版）（2026-06-28）
?	cdg-3048	cdg-3048:true	2026-06-28	(前言平鋪)	181	捍衛雄鷹3.0（cdg-3048）developer — Falcon 3.0 開發掛名 Sphere, Inc.，Spectrum HoloByte 為其發行品牌（同一公司，後改名 Spectrum HoloByte）；developer 維持 Sphere（2026-06-28）
?	cdg-2268|cdg-1292	cdg-2268:true,cdg-1292:true	2026-06-28	(前言平鋪)	182	黑暗之池(cdg-2268) 已掛 adnd 標籤 — Pools of Darkness 為 Pool of Radiance 系列完結 Gold Box AD&D 作；本批另確認亞特蘭提斯之謎 cdg-1292 早已完整發佈（珍166），未重做（2026-06-28）
?	cdg-4603	cdg-4603:true	2026-06-28	(前言平鋪)	183	天際寒星（cdg-4603）年份 — Planet's Edge：MobyGames/實體包裝/IA 作 1991、維基作 1992，採 1991（2026-06-28）
?	cdg-1029	cdg-1029:true	2026-06-28	(前言平鋪)	184	四川省2（cdg-1029）— 智冠台灣自製麻將消除（含 18 禁女郎圖，adult:true 沿用既有），native/zh/PZG、軟體世界珍153；玩法描述屬一般四川省麻將通則、無單獨佐證（2026-06-28）
?	cdg-4607|cdg-3429|cdg-4179	cdg-4607:true,cdg-3429:true,cdg-4179:true	2026-06-28	(前言平鋪)	185	新英雄傳奇1（cdg-4607）為 VGA 重製版 — Quest for Glory I (Remake, 珍174)，與 cdg-3429「英雄傳奇」EGA 原作（Hero's Quest 1989, 珍036）是不同產品；本批新建並交叉連結。series 暫填「英雄傳奇」與烈火神兵 cdg-4179 一致（202
CLOSE	cdg-4606	cdg-4606:true	2026-06-28	(前言平鋪)	186	美國鼠譚（cdg-4606）developer — An American Tail DOS 版實為 Manley & Associates 開發、Capstone Software 發行（已採），非清單假設的 Hi-Tech Expressions（2026-06-28）
SOURCE	cdg-4608	cdg-4608:true	2026-06-28	(前言平鋪)	187	畫面狩獵者（cdg-4608）GETCAP — 為螢幕擷取工具軟體（非遊戲），西文資料庫查無；developer/year/平台皆 null 待考；軟體世界珍178、續作 GETCAP II 珍217；疑為台灣本地或附帶工具（2026-06-28）
SOURCE	cdg-4610	cdg-4610:true	2026-06-28	(前言平鋪)	188	香港麻將（cdg-4610）developer_region — Nine Dragons Software 國別未確認（EA 發行推測 US，另有澳洲說）；暫採 US 待查（2026-06-28）
?	cdg-4611	cdg-4611:true	2026-06-28	(前言平鋪)	189	357戰鬥大隊（cdg-4611）— Heroes of the 357th 開發 Midnight Software（加拿大 CA）、EA 發行；year MobyGames 標 1992、維基 1991，採 1991（2026-06-28）
?	cdg-4228|cdg-4255|cdg-3997	cdg-4228:true,cdg-4255:true,cdg-3997:true	2026-06-28	(前言平鋪)	190	瑪催斯計劃(cdg-4228)/異域寶藏(cdg-4255)/克萊恩黑暗之后(cdg-3997) 標籤 — 異域寶藏、克萊恩黑暗之后為 AD&D 已掛 adnd；瑪催斯計劃（Buck Rogers II）雖用 Gold Box 引擎但屬 TSR Buck Rogers 授權、非龍與地下城，故不掛 adnd（2026-0
EDIT	cdg-3429|cdg-4179|cdg-3429|cdg-4179|cdg-4183|cdg-3430|cdg-3431|cdg-3432	cdg-3429:true,cdg-4179:true,cdg-3429:true,cdg-4179:true,cdg-4183:true,cdg-3430:缺檔,cdg-3431:缺檔,cdg-3432:true	2026-06-28	(前言平鋪)	191	英雄傳奇（Quest for Glory）系列雙重複組待 dedup — 兩套並存：cdg-3429~3433（英雄傳奇1-5，帶 SWT catalog_id 的「典藏組」）與 cdg-4179/4183（boneash budget 組）。本批與前批已發佈 cdg-3429(QFG1,珍036)＋cdg-4179(
SOURCE	cdg-3942|cdg-3728	cdg-3942:true,cdg-3728:false	2026-06-28	(前言平鋪)	192	魔法門外傳：星雲之謎 重複疑慮 — cdg-3942（本批補完中文版，珍193）與 cdg-3728「魔法門4」同為 Clouds of Xeen＝Might & Magic IV（chiuinan 頁標題即「魔法門4／魔法門外傳1：星雲之謎」）；「外傳」為中文俗稱、實為正傳第4作，兩條目疑重複待釐清（2026-06-
EDIT	cdg-3764|cdg-3942|cdg-3757	cdg-3764:true,cdg-3942:true,cdg-3757:true	2026-06-28	(前言平鋪)	193	三款官方中文版（localized）— 魔眼殺機2隱月傳奇 cdg-3764（珍187）、魔法門外傳星雲之謎 cdg-3942（珍193）、魔界召喚 cdg-3757（珍198）為智冠官方中文化（content_language zh、localized），與其他英文 packaging 款不同；license 暫沿用
SOURCE	cdg-2161	cdg-2161:true	2026-06-28	(前言平鋪)	194	超人戰記（cdg-2161）為台灣自製 — Heroic Poetry: Super Mars 實為智冠 1992 原生中文 RPG（native/TW/zh），非西方代理；雖列於珍藏版（珍188），歸類與其他款不同。發行年 1992/1993 兩說（2026-06-28）
?	cdg-4614|cdg-3868|cdg-4431|cdg-4592|cdg-4613	cdg-4614:true,cdg-3868:true,cdg-4431:true,cdg-4592:true,cdg-4613:true	2026-06-28	(前言平鋪)	195	新警察故事（cdg-4614）為 VGA 重製 — Police Quest 1 的 1992 VGA 重製版（珍196），與原版 1987 EGA 不同；catalog 另有 cdg-3868「警察故事」（PQ1 原版,貴008）、cdg-4431 警察故事2、cdg-4592 警察故事3。夢幻勇士 cdg-4613
SOURCE	cdg-0401	cdg-0401:true	2026-06-28	(前言平鋪)	196	大滿貫橋牌2（cdg-0401）— Grand Slam Bridge II 開發 Presage Software（EA 發行）；catalog_id SWT97 疑為 SWT197 之誤植待查（2026-06-28）
EDIT	cdg-2970|cdg-4194|cdg-2969|cdg-4194	cdg-2970:true,cdg-4194:false,cdg-2969:true,cdg-4194:false	2026-06-28	(前言平鋪)	197	巨蛇之島 重複 — cdg-2970「創世紀7第二部：巨蛇之島」（本批補完發佈，Origin/智冠/含 chiuinan，作正本，珍216）與 cdg-4194「創世紀 VII第二部：巨蛇之島」（boneash 空 stub）同為 Ultima VII Part 2；同創世紀7（cdg-2969/4002）模式，cdg
SOURCE	cdg-1381	cdg-1381:true	2026-06-28	(前言平鋪)	198	勇士傳奇（cdg-1381）— Legends of Valour 開發 Synthetic Dimensions（GB，已訂正 dev SSI 誤植）、U.S. Gold 發行；珍藏版標「中文版」但國際來源無中文化紀錄，中文版應為智冠在地化（content_language zh/localized），待台灣端佐證（
SOURCE	cdg-4616|cdg-4608	cdg-4616:true,cdg-4608:true	2026-06-28	(前言平鋪)	199	雀之塔（cdg-4616）資料不足 — a Tower Of MahJong 公開資料庫查無；麻將接龍類暫標 PZG，dev/year/region 皆 null 待考（與 GETCAP cdg-4608/4624 同屬難考據的珍藏版收錄品）（2026-06-28）
?	cdg-4624|cdg-4608	cdg-4624:true,cdg-4608:true	2026-06-28	(前言平鋪)	200	畫面狩獵者2（cdg-4624）GETCAP II — 螢幕擷取工具（非遊戲，珍217），同初代 cdg-4608 難考據，ETC＋多欄 null（2026-06-28）
?	cdg-2394	cdg-2394:true	2026-06-28	(前言平鋪)	201	明星職棒2（cdg-2394）年份 — Tony La Russa Baseball II 多源記 1993 年 3 月（採 1993）；清單標 1992 疑混淆到 1992 Players Expansion Disk。本批補上 release_codes 珍211＋series（2026-06-28）
?	cdg-4620|cdg-4623|cdg-4615	cdg-4620:true,cdg-4623:true,cdg-4615:true	2026-06-28	(前言平鋪)	202	本批 3 款資料片（expansion）— 紅爵士資料片(cdg-4620,珍210)、太平洋空戰英雄資料片(cdg-4623,珍215)皆 Dynamix；連同前批狂島浴血資料片(cdg-4615,珍200)，均須本體才能玩，已各自 cross-link 本體並標明資料片性質（2026-06-28）
?	cdg-3765|cdg-2775|cdg-3773	cdg-3765:true,cdg-2775:true,cdg-3773:true	2026-06-28	(前言平鋪)	203	第九批 3 款中文/雙語版（localized）— 魔眼殺機3血戰札諾爾 cdg-3765（珍218，adnd）、瘋狂主宰 cdg-2775（珍222）、魔胎 cdg-3773（珍231，標「中英文雙語版」）皆智冠官方中文化（content_language zh）；魔胎/橋牌高手/明星職棒資料片同屬 Capstone
SOURCE	cdg-2775	cdg-2775:true	2026-06-28	(前言平鋪)	204	瘋狂主宰（cdg-2775）genre — Mega Lo Mania 被視為首款含科技樹的即時戰略，agent 傾向 RTS；本批沿用既有 SLG（上帝/策略遊戲，borderline RTS），待定奪（2026-06-28）
SOURCE	cdg-4227	cdg-4227:true	2026-06-28	(前言平鋪)	205	大海戰：北大西洋篇（cdg-4227）developer — Great Naval Battles：本批採 SSI（發行兼常見開發掛名），惟 Internet Archive 標開發 IO Design Group，待 MobyGames credits 確認；genre 採 SIM（艦長視角/逐甲板損管/即時），亦
?	cdg-3995	cdg-3995:true	2026-06-28	(前言平鋪)	206	永生不滅（cdg-3995）— The Immortal 設計者 Will Harvey（developer 暫填其名）、EA 發行、DOS 版 Sandcastle 移植；year 採首發 1990（Apple IIGS），DOS 版 1991；genre AADV（2026-06-28）
SOURCE	cdg-4629	cdg-4629:true	2026-06-28	(前言平鋪)	207	橋牌高手（cdg-4629）同名歧義 — Bridge Master 有兩款 1992 DOS 同名作（Greenleaf/Capstone vs Intelligent Software）；依珍藏版與 Capstone 系列同捆判定為 Greenleaf/Capstone，待盒裝實物複核（2026-06-28）
?	cdg-4628|cdg-3765	cdg-4628:true,cdg-3765:true	2026-06-28	(前言平鋪)	208	魔法船(cdg-4628)/魔眼殺機3(cdg-3765) 已掛 adnd — Spelljammer、EOB III 為 AD&D 授權；瘋狂主宰非 D&D 不掛（2026-06-28）
SOURCE	cdg-4639	cdg-4639:true	2026-06-28	(前言平鋪)	209	白浪忍者（cdg-4639）平台存疑 — Surf Ninjas 國際間僅見 NuFX 開發、Sega 發行的 Sega Game Gear 掌機版，查無 DOS/PC 版；軟體世界珍藏版卻以 DOS 收錄（珍250）。暫標 release_status: unverified、developer NuFX/US，待盒
EDIT	cdg-4635|cdg-4638|cdg-4227|cdg-4227	cdg-4635:true,cdg-4638:true,cdg-4227:true,cdg-4227:true	2026-06-28	(前言平鋪)	210	大海戰系列 developer 一致性 — 本批資料片美軍艦隊（cdg-4635,珍245）/戰場編輯（cdg-4638,珍249）沿用本體 cdg-4227 的 developer SSI；惟研究指實際開發為 IO Design Group（SSI 僅發行），與 cdg-4227 既有待查項同源，整個大海戰家族 de
SOURCE	cdg-4633	cdg-4633:true	2026-06-28	(前言平鋪)	211	仗義遊俠2（cdg-4633）genre — Paladin II 為奇幻回合制戰術 RPG（含角色匯入/養成），採 SLG 沿用珍藏版「戰略」分類；亦可論 SRPG（戰棋角色扮演），待定奪（2026-06-28）
?	cdg-3729|cdg-4001|cdg-4089|cdg-3729	cdg-3729:true,cdg-4001:缺檔,cdg-4089:缺檔,cdg-3729:true	2026-06-28	(前言平鋪)	212	魔法門外傳2 重複已 merge — cdg-3729（正本，珍239，智冠中文版）；cdg-4001（珍239 來源）、cdg-4089（offlinelist 裸重複）已設 status:merged → cdg-3729、content 檔刪除（2026-06-28）
SOURCE	cdg-4091|cdg-0321	cdg-4091:true,cdg-0321:true	2026-06-28	(前言平鋪)	213	中華職棒經理人資料片（cdg-4091）細節 — 智冠 1994-04-15 發行，掛 1993 本體《中華職棒》(cdg-0321,職棒四年) 之下；「經理模式/每月增補球員」描述部分來源實談《中華職棒2》，正文已保守寫為「加入經理/教練導向玩法」，具體新增項目待台灣史料佐證。本體年份 1993（非 1994）（20
?	cdg-3642	cdg-3642:true	2026-06-28	(前言平鋪)	214	高速小霸王（cdg-3642）— Speed Racer in The Challenge of Racer X 為純賽車（採 RCG），非賽車+動作；賽車+橫向動作者為另作 My Most Dangerous Adventures (1994)。原作評價極差（CGW 列史上最爛第28），正文中性未著墨（2026-06
?	cdg-4020|cdg-0553|cdg-4020|cdg-0553	cdg-4020:缺檔,cdg-0553:true,cdg-4020:缺檔,cdg-0553:true	2026-06-28	(前言平鋪)	215	工人物語 dedup 已處理 — cdg-4020「工人物語：建國篇」(boneash 裸 stub) 與 cdg-0553「工人物語1」(The Settlers/Serf City，SWT293) 同款同珍293 → cdg-4020 設 merged→cdg-0553、content 刪除（2026-06-28）
EDIT	cdg-4660|cdg-4227	cdg-4660:true,cdg-4227:true	2026-06-28	(前言平鋪)	216	大海戰2（cdg-4660）developer — GNB Vol II: Guadalcanal 同大海戰家族，採 SSI 與本體一致；Internet Archive/MobyGames 標 IO Design Group 開發，與 cdg-4227 既有待查項同源，整族待一併訂正（2026-06-28）
?	cdg-0324|cdg-2736|cdg-3635	cdg-0324:true,cdg-2736:true,cdg-3635:true	2026-06-28	(前言平鋪)	217	schema REGIONS 擴充 — 新增 SE（瑞典，Digital Illusions：乒乓彈珠檯 cdg-0324／夢幻彈珠檯 cdg-2736）、AU（澳洲，Animation F/X：驚魂塔 cdg-3635）；game.schema.mjs + schema.md 同步（2026-06-28）
SOURCE	cdg-1292	cdg-1292:true	2026-06-28	(前言平鋪)	218	cite 機制踩坑（已修）— game 頁僅 references.cited（keyed）會帶 data-key、被 [N] 連結；general key（wikipedia/mobygames/chiuinan…）無 data-key、cite 連不到。第 1–4 批曾誤用 general key 當 data-r
?	cdg-2901|cdg-2916|cdg-2901	cdg-2901:true,cdg-2916:true,cdg-2901:true	2026-06-28	(前言平鋪)	219	銀河艦隊同名混淆（已修）— cdg-2901「銀河艦隊」實為精訊 Galaxy Fleet（台灣自製 1992,JXD006），曾被 fuzzy 誤掛珍311；珍311 實為 Wing Commander: Armada（Origin）→ 已寫入 cdg-2916（銀河飛將無敵艦隊,SWT311/珍311），並從 cd
SOURCE	cdg-4078	cdg-4078:true	2026-06-28	(前言平鋪)	220	魔域傳奇：神聖之符（cdg-4078）中文版待確認 — offlinelist 檔名標「中文版」，但無 chiuinan 中文頁佐證、國際源僅見英文版（DreamForge/SSI 1994）；暫採 packaging/en，若智冠中文版獲證則改 localized/zh（珍313,adnd）（2026-06-28）
?	cdg-2168	cdg-2168:true	2026-06-28	(前言平鋪)	221	schema REGIONS 再擴充 — 新增 IL（以色列，Compro Games：超擬真機車爭霸戰 cdg-2168）（2026-06-28）
SOURCE	cdg-4121|cdg-4130|cdg-2461	cdg-4121:true,cdg-4130:true,cdg-2461:true	2026-06-28	(前言平鋪)	222	台灣自製三款資料稀少 — 宇宙英雄 cdg-4121（艾生,珍309,年代1994/1995兩說）、超級灌籃大賽 cdg-4130（智冠,珍322,BASK,仿NBA Jam,developer 未明確署名暫填智冠）、暗棋聖手 cdg-2461（至通,珍314）；玩法/年代細節待台灣史料補強（2026-06-28）
EDIT	cdg-4660	cdg-4660:true	2026-06-28	(前言平鋪)	223	大海戰2(cdg-4660)已建 — 見前項 GNB 家族 developer 待訂正（2026-06-28）
SOURCE	cdg-0684	cdg-0684:true	2026-06-28	(前言平鋪)	224	卡通快打（cdg-0684）為韓國遊戲 — Pee & Gity 開發商 Family Production 是南韓商（非台灣自製）；智冠中文版（珍326），developer_region 訂為 KR、localized/zh；原作年代 1993/1994 兩說、中文版約1995（2026-06-28）
SOURCE	cdg-4129	cdg-4129:true	2026-06-28	(前言平鋪)	225	超級大富翁（cdg-4129）developer 存疑 — Billionaire 查無年代相符歐美原版，offlinelist 將 developer 登記為智冠（可能為 publisher 預設值）；暫填 developer 智冠/TW/native、genre TBG，待考（2026-06-28）
SOURCE	cdg-0394|cdg-0395	cdg-0394:true,cdg-0395:true	2026-06-28	(前言平鋪)	226	超級大戰略 台海二部（cdg-0394 閏八月珍332／cdg-0395 釣魚台珍338）— Dragon Group（catalog/chiuinan）vs 漢堂資訊（cn-dos-games）開發商兩說，並列待釐清；為借 SystemSoft「大戰略」名號的台灣自製仿作 → 由 localized 改 native
?	cdg-0394	cdg-0394:true	2026-06-28	(前言平鋪)	227	id 4669/4671 未啟用 — 第六批原預留給超級大戰略×2，後確認為既有 cdg-0394/0395，故 4669/4671 未配（Tornado 用 4670）；append-only 跳號，無礙（2026-06-28）
?	cdg-0879	cdg-0879:true	2026-06-28	(前言平鋪)	228	裝甲元帥（cdg-0879）為智冠中文版（localized/zh,珍329）；卡通快打/Pee&Gity 等同批；schema REGIONS 本批未再擴充（KR 已存在）（2026-06-28）
SOURCE	cdg-1782|cdg-1780|cdg-1780|cdg-1780|cdg-1782	cdg-1782:false,cdg-1780:false,cdg-1780:false,cdg-1780:false,cdg-1782:false	2026-06-29	(前言平鋪)	229	惡魔城/Castlevania 的 貴204 歸屬待釐清 — softworld 掃描 貴204 標「惡魔城傳說／Castlevania」，中文名指向 cdg-1782（惡魔城傳說＝Castlevania III 悪魔城伝説），英文名卻是 bare Castlevania（指 cdg-1780 惡魔城）；目前 貴204
SOURCE	cdg-4682	cdg-4682:true	2026-06-29	(前言平鋪)	230	紅色十月號（cdg-4682）同名兩款 DOS 待辨 — The Hunt for Red October 在 DOS 上有兩款：①1987 潛艇模擬（Oxford Digital Enterprises/GB，改編 Tom Clancy 小說，Argus Press→Grandslam），②1990 動作遊戲（Ima
SOURCE	cdg-3999|cdg-3222|cdg-3999|cdg-3222	cdg-3999:true,cdg-3222:false,cdg-3999:true,cdg-3222:false	2026-06-29	(前言平鋪)	231	鐵甲爭霸戰（cdg-3999）vs 機甲爭霸戰：新月鷹的誕生（cdg-3222）— 兩筆疑為同一遊戲 BattleTech: The Crescent Hawk's Inception（Westwood／Infocom 1988）的重複條目：cdg-3999 為軟體世界貴族版（貴108，已填寫發佈），cdg-3222 
SOURCE	cdg-4720	cdg-4720:true	2026-06-30	(前言平鋪)	232	地心探險（cdg-4720，貴153）開發商歸屬待查證 — Journey to the Centre of the Earth 為多款同名遊戲（1989 Topo Soft/ES、1988 Chip、1994 softWORKS、Coktel Vision 等）。本批以最符合貴族版 budget-port 輪廓的 T
DECIDE	cdg-0494|cdg-0498	cdg-0494:false,cdg-0498:true	2026-06-30	(前言平鋪)	233	太空小蜜蜂同名 6 款（cdg-0494~0499）— 此為台灣對太空射擊遊戲的泛稱；貴160 確認為 cdg-0498（Better Dead Than Alien，已消歧義發佈）。boneash fuzzy-merge 曾把貴160＋softworld@boneash-scan provenance 誤掛到全部 6
?	cdg-3271	cdg-3271:true	2026-06-30	(前言平鋪)	234	烏茲衝鋒槍（cdg-3271，貴159）developer 取 Taito/JP（IP 與 chiuinan「TAITO 1989」一致）；惟 DOS 版實際移植商為 Banana Development/US（Taito America 發行），Ocean 僅做歐洲家用電腦版。若房屋風格偏列移植商可改 Banana 
SOURCE	cdg-4739	cdg-4739:true	2026-06-30	(前言平鋪)	235	獸王記（cdg-4739，貴212）DOS 版移植商存疑 — Altered Beast 街機原作 Sega/JP（1988）確定；惟 MS-DOS 版（1990）的移植商「Unlimited Software」與發行商「Activision」僅見於 MobyGames／社群，Wikipedia 未載，故正文僅寫「19
SOURCE	cdg-4742	cdg-4742:true	2026-06-30	(前言平鋪)	236	銀行大盜（cdg-4742，貴217）開發商國別存疑 — Bank Buster developer 取 Methodic Solutions（Atari Legend／My Abandonware），惟國別佐證偏弱：各平台移植者姓名混雜（Amiga 版 J.W. Versluis 荷蘭名、Atari ST 版 M. 
SOURCE	cdg-4430	cdg-4430:true	2026-06-30	(前言平鋪)	237	行星末日戰記（cdg-4430，貴219）Data East 美版發行說未證實 — 英文維基記「Data East 1989」未獲他源佐證，本批採法文維基的開發 HiTec Productions／發行 Infogrames；桌遊原作設計者英文維基誤植 Joseph Reiser，實為 Delfanti／Mathieu
SOURCE	cdg-4763	cdg-4763:true	2026-06-30	(前言平鋪)	238	樂透黃金夢（cdg-4763，貴265）查無公開資料 — softworld 掃描標 genre「博奕」、軟體世界貴族版 budget 釋出；多輪中英文檢索（MobyGames/abandonware/Wikipedia/巴哈）均無此款 DOS 遊戲足跡，「Lotto Gold」只命中現代彩券分析軟體。已建未發佈 st
SOURCE	cdg-4768|cdg-4029|cdg-3959	cdg-4768:缺檔,cdg-4029:true,cdg-3959:true	2026-06-30	(前言平鋪)	239	軟體世界貴族版三款台製小品 developer 具名待考 — 撞球補習班（cdg-4768,貴275,1992,SPG）／MH28雷火戰機（cdg-4029,貴276,1992,STG）／瑪麗姊妹（cdg-3959,貴277,1993,ACT）皆 cn-dos-games/offlinelist/rwv 掛智冠/軟體世
CLOSE	cdg-3959	cdg-3959:true	2026-06-30	(前言平鋪)	240	瑪麗姊妹/Sister Mary（cdg-3959,貴277）一手證據補充 — 反組譯遊戲執行檔確認：原始 build 1992-12-13（非 1993，1993 為貴族版重發年）、MARY.CFG 含「SisterMary.setup」、INSTALL.EXE 洩漏「SoftWorld 1992」著作權字串、遊戲內
SOURCE	cdg-4763	cdg-4763:true	2026-06-30	(前言平鋪)	241	樂透黃金夢（cdg-4763,貴265）已發佈 — 使用者提供包裝實物：developer Capstone（IntraCorp 旗下廉價品牌「The Pinnacle of Entertainment Software」/US）、英文介面、中文包裝→packaging，38 種美式樂透玩法＋7 種機率分析法、genr
?	cdg-3959	cdg-3959:true	2026-06-30	(前言平鋪)	242	瑪麗姊妹/Sister Mary（cdg-3959,貴277）已確認結案 — 使用者提供封面：標示「第三屆金磁片獎智育動作類高級組銀牌獎作品」，確認為智冠金磁片獎自製作（同決戰俄羅斯/魔點/麻雀俄羅斯系），玩法為《魔鬼氣球》(Pang/Super Pang)式射汽球（先前「瑪利歐平台跳躍」推測已推翻）。依手足慣例改 d
SOURCE	cdg-1601	cdg-1601:true	2026-06-30	(前言平鋪)	243	軟體世界「貴族版／珍藏版／平價版」三條發行線定位待考據 — 三線名僅見於 boneash「骨灰集散地」收藏圖鑑（即本庫 softworld-games.json 來源），無正式文獻說明其區別（定價？包裝？CD/磁片？年代先後？）。維基〈軟體世界〉只佐證整個品牌是智冠＋精訊「付版權費前的平價外版重發」這一宏觀脈絡，未細分
?	cdg-4725|cdg-1609	cdg-4725:true,cdg-1609:缺檔		(a) 疑似重複 → 退役 stub、併入 published	251	俄羅斯方塊2：保留 cdg-4725（Doka 1989 貴171, PUB）／退役 cdg-1609（Doka,Sphere 1989 stub）
?	cdg-0503|cdg-4201	cdg-0503:true,cdg-4201:缺檔		(a) 疑似重複 → 退役 stub、併入 published	252	太閤立志傳：保留 cdg-0503（KOEI 1995 PUB）／退役 cdg-4201（1995 null stub）
?	cdg-4594|cdg-3803	cdg-4594:true,cdg-3803:缺檔		(a) 疑似重複 → 退役 stub、併入 published	253	歡樂滿點：保留 cdg-4594（Sierra 1991 珍137 PUB）／退役 cdg-3803（同 stub）
?	cdg-4583|cdg-2599	cdg-4583:true,cdg-2599:缺檔		(a) 疑似重複 → 退役 stub、併入 published	254	醫生也瘋狂2：腦科篇：保留 cdg-4583（Software Toolworks 1990 珍100 PUB）／退役 cdg-2599
?	cdg-4693|cdg-4025	cdg-4693:true,cdg-4025:缺檔		(a) 疑似重複 → 退役 stub、併入 published	255	銀河帝國大決戰：保留 cdg-4693（Interstel 1987 貴071 PUB）／退役 cdg-4025（null stub）
?	cdg-0039|cdg-4085	cdg-0039:true,cdg-4085:缺檔		(a) 疑似重複 → 退役 stub、併入 published	256	鐵路A計畫：保留 cdg-0039（Artdink 1992 PUB）／退役 cdg-4085（null stub）
?	cdg-4616|cdg-1961	cdg-4616:true,cdg-1961:缺檔		(a) 疑似重複 → 退役 stub、併入 published	257	雀之塔：cdg-4616（珍201 PUB 但 dev/year 空）⇄ cdg-1961（智冠 1993 stub，metadata 較全）— ⚠ 保留 PUB 的 4616 但須把 1961 的 智冠/1993 併過去
?	cdg-4610|cdg-1552	cdg-4610:true,cdg-1552:缺檔		(a) 疑似重複 → 退役 stub、併入 published	258	香港麻將：保留 cdg-4610（Nine Dragons 1992 珍180 PUB）／退役 cdg-1552（九龍＝Nine Dragons stub）
?	cdg-2417|cdg-2418	cdg-2417:true,cdg-2418:false		(b) 同碼誤掛在不同款的 stub 上 → 從 stub 移除 release_code 與連帶 softworld@boneash-scan provenance	261	星際爭霸戰：珍161 屬 cdg-2417（Interplay 1992）；cdg-2418~2437 共 20 款 Star Trek STUB 全誤掛 珍161 → 逐一移除（量大）
?	cdg-0210|cdg-0223	cdg-0210:true,cdg-0223:false		(b) 同碼誤掛在不同款的 stub 上 → 從 stub 移除 release_code 與連帶 softworld@boneash-scan provenance	262	三國志：貴078 屬 cdg-0210（KOEI 1985）；cdg-0223（2002）移除
?	cdg-0962|cdg-0968	cdg-0962:true,cdg-0968:缺檔		(b) 同碼誤掛在不同款的 stub 上 → 從 stub 移除 release_code 與連帶 softworld@boneash-scan provenance	263	名車大賽：貴019 屬 cdg-0962（1987 Test Drive）；cdg-0968（2002）移除
?	cdg-0399|cdg-0400	cdg-0399:true,cdg-0400:false		(b) 同碼誤掛在不同款的 stub 上 → 從 stub 移除 release_code 與連帶 softworld@boneash-scan provenance	264	大海盜：貴023 屬 cdg-0399（MicroProse 1987）；cdg-0400（Firaxis 2004 重製）移除
?	cdg-3158|cdg-3159	cdg-3158:true,cdg-3159:false		(b) 同碼誤掛在不同款的 stub 上 → 從 stub 移除 release_code 與連帶 softworld@boneash-scan provenance	265	槍林彈雨：貴180 屬 cdg-3158（1988）；cdg-3159（2002）移除
SOURCE	-	(無id)	2026-07-01	同名 dedup/誤掛碼 執行紀錄	275	格鬥學園（新意）查無 — 使用者要求建條目，但跨來源（kudgame/巴哈/PTT/chiuinan/fandom/Google）零命中；kudgame 列「新意」名下只有 3 款（幻世喜譚、鐵甲紀元－戰魂、魔石神劍錄），無格鬥學園。近似的是日廠 EIGHTING《激鬥學園》（戲谷代理、3D格鬥），名稱與廠商皆不符。待
SOURCE	-	(無id)	2026-07-01	同名 dedup/誤掛碼 執行紀錄	277	格鬥學園（新意，副標 Ultimate Blade）仍查無 — 使用者補「Ultimate Blade」副標、疑為代理外國格鬥遊戲；但 MobyGames 查 "Ultimate Blade" 無此標題、chiuinan/fandom/巴哈/PTT/Google 全無命中，本庫「新意」對應開發商創意鷹翔名下亦無此款。待
SOURCE	cdg-1131|cdg-1130	cdg-1131:true,cdg-1130:true	2026-07-01	同名 dedup/誤掛碼 執行紀錄	278	求婚365日2（cdg-1131）developer 已訂正智傲娛樂(HK) — 外部多源（游民星空/粵語維基/香港遊戲歷史Wiki）指開發發行為香港智傲娛樂(GameOne)2000-03-23，原 DB「勁一番」應為沿用前作誤植；大宇為台灣代理（依 DB 既有，待盒裝佐證）。前作 cdg-1130 仍為台灣勁一番（
SOURCE	cdg-2802	cdg-2802:true		鷹揚資訊建頁衍生的資料疑點	281	cdg-2802《瘋狂醫院》(1993) developer 標 **龍翔**／精訊發行；但百度年表、銀狐回憶文（sfoxstudio Part 8）皆稱瘋狂醫院程式作者後創立**鷹揚**、初代亦掛鷹揚。龍翔 vs 鷹揚 待釐清（可能龍翔為早期工作室名／或誤植）。鷹揚公司頁已迴避直接指派初代歸屬，僅述「公司由瘋狂醫院程
?	cdg-2378|cdg-2379	cdg-2378:true,cdg-2379:true		鷹揚資訊建頁衍生的資料疑點	282	cdg-2378《明日之星》(1995) publisher_tw 目前空 → 百度年表載發行商為**歡樂盒多媒體**（單源、中可信），可補；續作 cdg-2379 明日之星2 (1997) 同屬歡樂盒
SOURCE	cdg-2802	cdg-2802:true		鷹揚資訊建頁衍生的資料疑點	283	初代瘋狂醫院發行年兩說：百度 1993-09 首發 vs 巴哈/gamebase 1995（疑再版/上架日）。cdg-2802 現標 1993
?	-	(無id)		軟體世界平價版 英文原作待考	287	竹香齋（平005，類別「益智」）— 名取清代象棋殘局譜書名，強烈暗示象棋/殘局類程式；夾在 Psion Chess（平003）、Chessmaster 2000（平012）等西方棋類移植間，但西方移植不會取此古典漢名，另一可能為台灣本地自製象棋程式塞入平價版線。查無實據
?	-	(無id)		軟體世界平價版 英文原作待考	288	國際密探（平009）— 推測性線索：同清單平033「緊急追緝令」＝Where in the U.S.A. is Carmen Sandiego?，Broderbund 同期另有 Where in the World is Carmen Sandiego?（1985，玩家為 ACME 密探全球追捕 VILE），語意吻合但
SOURCE	-	(無id)		軟體世界平價版 平021「瘋狂運動員／Lode Runner III」對應原作待考	292	平021 瘋狂運動員 name_en 標「Lode Runner III」，但 1980 年代 Broderbund 從未發行過家用電腦／DOS 版「Lode Runner III」。唯一名為「Lode Runner III」的正式產品是 Irem 授權自 Broderbund 的街機《Lode Runner III 
SOURCE	-	(無id)		軟體世界平價版 平032「上海之謎」英文原作待考	295	平032 上海之謎：softworld-games.json 的 name_en 與 genre 皆 null，過去 pipeline 亦未鑑定。確定「不是」Activision 的《上海》(Shanghai／平052 對應款，麻將接龍另有編號)。鄰近編號(平028~035)全為 1986–87 西方進口款，故 平03
SOURCE	cdg-2417	cdg-2417:true		軟體世界「8平」目錄 8平014 星際爭霸 原作待考	298	8平014 星際爭霸（boneash 掃描表「8平」段，類別/英文名皆空白）原作未定。DB 有一大串「星際爭霸戰」（cdg-2417 珍161＝Interplay Star Trek 1992 等 20+ 款）與「星海爭霸」（StarCraft），但 8平 屬 1980 年代 8-bit 平價目錄，年代不符 StarC
SOURCE	cdg-1539|cdg-3866	cdg-1539:缺檔,cdg-3866:true		誤掛貴碼清理	303	**dedup 待查**：cdg-1539 飛天戰神（Sierra DOS Thexder, SWE006）與 cdg-3866 機動戰士（Game Arts Thexder）疑為同一款 Thexder 的重複條目，待併
SOURCE	cdg-2341|cdg-1835	cdg-2341:true,cdg-1835:true		TGL 古大陸物語／神奇傳說系列 兩處存疑	306	cdg-2341 新神奇傳說3（Farland Symphony）`publisher_tw: 智冠` 為**推論非直接佐證**：日本原版 2002，台灣確有中文版（巴哈 ACG「新神奇傳說3中文版」），但無來源直接標明代理商；因智冠代理整條神奇傳說／遠征奧德賽線、且 2002 前後智冠已併購台灣帝技爺如，故歸智冠。待
SOURCE	cdg-0918	cdg-0918:true		TGL 古大陸物語／神奇傳說系列 兩處存疑	307	cdg-0918 古大陸物語5 台灣盒裝正字「毀滅天鏡」vs「毀滅天境」（境/鏡形近，社群多用「天鏡」、cn-dos-games fandom 用「天境」）待封面掃圖仲裁；日文副題「大地の絆」＝直譯「大地之絆」為語意正解，已列 alias
SOURCE	cdg-1371	cdg-1371:false		協和代理批次 三處存疑	310	cdg-1371 青澀寶貝2 開發商有來源分歧：英文來源（MobyGames/WebSearch 摘要）標 Stack Software 開發、NEC Interchannel 發行；日文維基則作 NEC Interchannel 開發並發行。MobyGames 頁 403 未能核對 credits。現 `develo
SOURCE	cdg-4830	cdg-4830:false		協和代理批次 三處存疑	311	cdg-4830 小郵差加奈 台灣代理商分歧：kudgame 協和清單歸【協和】，但巴哈 ACG 資料庫記代理廠商＝雄圖資訊、時點約 2001。現 `publisher_tw` 依使用者清單暫填協和、正文並陳雄圖資訊；待實體盒裝或雜誌確認。原作為 D.O.《加奈～いもうと～》角色的桌寵郵件軟體（INTERLEX 開發）
SOURCE	cdg-4828	cdg-4828:false		協和代理批次 三處存疑	312	cdg-4828 勇者之光（Favorite Dear）台灣版《逆襲》副標來源薄弱：日方無對應副標，研判為協和 Windows 加強版（追加第 13 位勇者）的行銷副標，無強力單一來源可確認；完整標題已列 alias，正文未展開。台灣代理年 2001 為概估（日本 Windows 版 2000-06），待確認。
SOURCE	cdg-4829	cdg-4829:false		協和代理批次 三處存疑	313	cdg-4829 鬼妮 原作完全失考：僅知協和代理、有中英文版（早期盜版目錄 G666 中文／G696 英文），無法反查日本原作或西方原作，標 `release_status: unverified`、多數欄位留 null。突破點：協和實體盒裝或當年雜誌。
SOURCE	cdg-1476	cdg-1476:true		精訊 galgame/RPG 系列批次 存疑	316	cdg-1476 美少女夢工場Q 台灣代理商與發行日未定：青衫頁「待補」，網路一筆「2000/3/15 精訊」明顯有誤（早於日版 2001/2 發售）。現 `publisher_tw: []`、正文僅陳述「有中文版流通」不指名代理。突破點：巴哈 ACG s=27088 或實體盒裝。
SOURCE	-	(無id)		精訊 galgame/RPG 系列批次 存疑	317	美少女夢工場 PM3/PM4/PM5 台灣發行年（1998/2005/2007）多為青衫單一來源；日版原始年另記於正文，待第三方佐證台灣確切上市日。
SOURCE	cdg-1619	cdg-1619:true		精訊 galgame/RPG 系列批次 存疑	318	cdg-1619 俠客英雄傳XP「劇情大幅擴展改編」為百度系摘要單源；與 DOS 三代的具體差異待更可靠來源。
?	cdg-4840	cdg-4840:true		精訊 galgame/RPG 系列批次 存疑	319	cdg-4840 夏色Celebration 台灣發行日（2000/09/28）僅巴哈 ACG 單源；原版全年齡、活動限定 R 版非台灣代理範圍。
SOURCE	cdg-2348	cdg-2348:true		宇峻／奧汀／宇峻奧汀 系列批次 存疑	322	cdg-2348 新絕代雙驕前傳 開發歸屬與製作人：chiuinan/維基記宇峻奧汀開發，百度記「北京飛行船軟件」開發、宇峻奧汀發行；製作人「羅國俊」亦僅百度單一來源。現 `developer: 宇峻奧汀`、未填 staff[]，待第二源交叉驗證後再補。
SOURCE	cdg-0376	cdg-0376:true	2000-12-25	宇峻／奧汀／宇峻奧汀 系列批次 存疑	323	cdg-0376 大富翁世界之旅2 發行年：一手證據（官方站更新集中 2001Q1、游俠秘技頁 2000-12-25、chiuinan 記 2001）指向 2000–2001，原 frontmatter 的 2002 為中國下載站互抄誤植。已改 `year: 2001`；`publisher_tw: 智冠` 沿用一代、
SOURCE	cdg-0377	cdg-0377:true		宇峻／奧汀／宇峻奧汀 系列批次 存疑	324	cdg-0377 大富翁世界之旅3 資料最薄（主要單一百度頁）：台灣發行通路、系統全貌、是否系列末作均未專門查證；`publisher_tw` 留空。突破點：巴哈 ACG 或實體盒裝。
EDIT	cdg-0568|cdg-0567	cdg-0568:true,cdg-0567:true		宇峻／奧汀／宇峻奧汀 系列批次 存疑	325	cdg-0568 幻想三國誌2 養成/變身系統名稱分歧：維基作「化印獸」、社群/巴哈精華區通稱「繭印獸/繭印系統」（一代條目 cdg-0567 用「繭印獸」）；正文暫未展開系統名，待統一。FS2 戰鬥制另有「回合＋半即時」與「團隊即時」兩說，正文採官方/chiuinan 的即時制。
SOURCE	cdg-0571	cdg-0571:true	2009-01-16	宇峻／奧汀／宇峻奧汀 系列批次 存疑	326	cdg-0571 幻想三國誌4外傳 主角名異體：多數作「樓澈」（Steam/Fandom），部分維基摘要作「樓澆」；正文採「樓澈」。中國版發行日 2009-11-25 與 2009-01-16 兩說並存。
SOURCE	cdg-0245	cdg-0245:true		宇峻／奧汀／宇峻奧汀 系列批次 存疑	327	cdg-0245 三國群英傳7 製作人員（設計 李宗翰／美術 顧凱威／音樂 吳菁菁）僅維基 infobox 單一來源，未填 `staff[]`，待第二源交叉驗證後再補。
SOURCE	cdg-0241	cdg-0241:true	2002-01-25	宇峻／奧汀／宇峻奧汀 系列批次 存疑	328	cdg-0241 三國群英傳3 發行年分歧：chiuinan 記 2001、維基系列頁與 jendow 記 2002-01-25；已改 `year: 2002`（採多源且精確者），正文並陳 2001 說。SG3/SG4 台灣發行商亦有分歧（chiuinan 記智冠代理、維基記宇峻奧汀自行發行）；因屬合併前作品、沿用 c
SOURCE	cdg-1526	cdg-1526:true		弘煜／風色幻想 系列批次 存疑	331	cdg-1526 風色幻想2：aLIVE 原始發行月分歧（chiuinan/Steam 記 2002-09，另一搜尋結果稱 8-31）；另有單一來源稱台灣代理商為智冠，未經第二源證實——現 `publisher_tw: []`（弘煜自行發行），待查。已修正原壞標題「風色幻想2：」→「風色幻想2：aLIVE」、slug 
SOURCE	cdg-1527	cdg-1527:true		弘煜／風色幻想 系列批次 存疑	332	cdg-1527 風色幻想3 主角歸屬分歧：維基/Steam 以凱琳・賽拉菲姆為 WF3 主角，jendow 民間 wiki 稱凱琳於 WF4 才正式成主角；正文採中性寫法（凱琳與西撒為核心角色），未斷言主角。
SOURCE	-	(無id)		弘煜／風色幻想 系列批次 存疑	333	弘煜三款（1526/1527/2016）製作人皆未查得具名（含傳聞的陳世傑）；維基僅列創辦人洪而立/洪而立。若補 staff[] 需一手來源（片頭 staff roll／當年雜誌）。
SOURCE	cdg-2016	cdg-2016:true	2003-07-11	弘煜／風色幻想 系列批次 存疑	334	cdg-2016 征天風舞傳：三國誌異 巴哈 ACG 頁（s=5517）403 未能取一手欄位；台灣發行日 2003-07-11、ChinaJoy 圖像大獎均出自 jendow/攻略部落格，待更硬來源。
SOURCE	cdg-4546	cdg-4546:缺檔		cdg-3372 戰國策2：七雄之爭	337	genre 分歧：合併採 4546 的 `HSG`（歷史策略，正文亦作「歷史策略遊戲」），但 chiuinan 介紹頁把本作標為「即時戰略」；原 stub 自動判為 `SLG`。三方不一致，待查證實際玩法（回合制大戰略 vs RTS）後定稿。cdg-4546 已合併入本款、registry 標 merged。
SOURCE	cdg-4287	cdg-4287:true		昱泉國際 系列批次 存疑	340	cdg-4287 窈窕美眉之百分百女孩「昱泉開發」僅百度百科單源（維基昱泉自研列表未收），另有賣場與 kudgame 清單標【昱泉】/第三波發行為佐；dev/publisher 角色分配待更硬來源。現 `developer: 昱泉`、`publisher_tw: 第三波`。
SOURCE	cdg-4881	cdg-4881:true		昱泉國際 系列批次 存疑	341	cdg-4881 搞鬼！嘿！嘿！嘿！ 資料極稀：僅 kudgame PC 遊戲列表標【昱泉】出品，發行年/類型/內容全查無；`year`/`genre` 留 null。突破點：巴哈 ACG 或實體盒裝。搜尋易與韓製《搞鬼 Online》（遊戲新幹線代理）混淆，非同款。
SOURCE	cdg-0863	cdg-0863:true		昱泉國際 系列批次 存疑	342	cdg-0863 般若魔界2：帝都魔域傳 發行年分歧：chiuinan/金石堂記 1999、維基昱泉列表記 2000；已採 `year: 1999`、正文並陳 2000 說。劇情/世界觀因百度百科全程 403 未能取一手描述，正文僅陳玩法規格。
?	cdg-0566	cdg-0566:true		昱泉國際 系列批次 存疑	343	cdg-0566 幻影特攻 類型判定（FPS）主要據 chiuinan 操作說明（可切第一/三人稱、狙擊鏡）單一權威來源；維基昱泉表亦列 3D FPS。改編自 1998 同名港片已由電影維基佐證。
?	cdg-2596	cdg-2596:true		昱泉國際 系列批次 存疑	344	cdg-2596 鄭問之三國誌 昱泉角色為「台灣代理／中文化」或「與 GameArts 聯合發行」雙源略有出入；genre 由 stub 的 SLG 改判 HSG（三國志 like 歷史模擬）。staff（黑田幸弘/神涼介/鄭問）採日方多源一致值。
SOURCE	cdg-1879|cdg-1876	cdg-1879:true,cdg-1876:true		昱泉國際 系列批次 存疑	345	笑傲江湖昱泉三款（cdg-1879/1877/1878）台灣代理商未定：自行發行 vs 第三波代理各為單一來源且矛盾，`publisher_tw` 一律留空。首作官方全名《笑傲江湖之日月神教》，「笑傲江湖」為簡稱、已入 title_aliases（與智冠 cdg-1876 同名作區分）。
SOURCE	-	(無id)		cdg-1638 信長之野望II 語言訂正	348	原 stub 標 `content_language: zh`／`localization_level: localized`（來源 chiuinan「ch」中文區介紹頁、fandom 簡中「战国群雄传」、rwv merge、alias「G1481-信長之野望II中文版」），與 [[sanbo-dosv-series]
SOURCE	cdg-4909|cdg-4910	cdg-4909:true,cdg-4910:true		歐風軟體	354	cdg-4909 魔域總動令（歐風 G024，99 元）與 cdg-4910 路博士（歐風 G025，66 元／1 片）原作未定：三輪查證（endlessfight 原目錄、omega、cn-dos-games wiki、巴哈國產總表、PTT Old-Games）皆查無此二中文名，疑為歐風自取譯名、原目錄無英文名、公開
SOURCE	cdg-4913|cdg-0527	cdg-4913:true,cdg-0527:false		歐風軟體	355	cdg-4913 小精靈II（Gremlins 2）版本歧義：電影《小精靈2》(1990) 的電腦改編有兩款彼此獨立的英文版並存——①Hi Tech Expressions（美，1991，MS-DOS 獨佔，俯視迷宮動作冒險）②Elite Systems 發行／Motivetime 開發（1990，Amiga/ST/P
SOURCE	cdg-4915|cdg-4919|cdg-1178	cdg-4915:true,cdg-4919:true,cdg-1178:true		歐風軟體	358	兩款原作未識別（`published: false`、developer/year/genre 留 null）：cdg-4915 沙場風暴（G033，120 元）、cdg-4919 空中攔擊（G037，160 元）。歐風目錄皆未列或僅列無足跡的英文名、網路零匹配。語意反推候選（未證實、勿當定論）：沙場風暴≈Storm 
?	cdg-4918	cdg-4918:true		歐風軟體	361	cdg-4918 上帝也巔峯（G036，Supremacy/Overlord）發行年：原作 Amiga/ST 為 1990、MS-DOS 版為 1991 底。frontmatter 採原作 `year: 1990`、正文註明 DOS 版 1991。與 2007 Codemasters《Overlord》非同款、已標。
?	cdg-4914|cdg-0148	cdg-4914:true,cdg-0148:true		歐風軟體	362	cdg-4914 米格29戰鬥機（G032）確認為 Domark/Simis 1990 版《MiG-29 Fulcrum》，非 Codemasters 1989《MIG-29 Soviet Fighter》。cdg-0148 一路狂飆發行年主流記 1991（archive.org 檔名標 1990），採 1991。
SOURCE	cdg-4995|cdg-4998|cdg-4999|cdg-5000	cdg-4995:true,cdg-4998:true,cdg-4999:true,cdg-5000:true		歐風軟體	363	cdg-4995 賭城之旅、cdg-4998 花式撞球、cdg-4999 十項全能、cdg-5000 決戰西洋棋：第三波「益智娛樂軟體（16BIT系列）」條目已建，但本體對應仍待查；目前英文名過於泛用，需實體磁片/包裝/畫面或同批來源確認實際原作。
SOURCE	cdg-4924	cdg-4924:true		歐風軟體	366	cdg-4924 鐵甲異變（G043）＝Metal Mutant（Silmarils, FR 1991）為**高信度推證、非目錄既有**：歐風目錄未列英文名，但「鐵甲異變」近乎 Metal Mutant 直譯、且變形機甲（Cyborg/Dino/Tank）玩法精準吻合，故已建 published 條目（genre AA
?	cdg-4929|cdg-4923|cdg-4929|cdg-1731	cdg-4929:true,cdg-4923:true,cdg-4929:true,cdg-1731:false		歐風軟體	367	兩款原作未識別（developer/year/genre 留 null；cdg-4929 已依使用者指示 published）：cdg-4923 阿茲特傳奇（G042，180 元）、cdg-4929 快樂原始人（G050，140 元）。中信度/多候選、無決定性證據，勿逕填：阿茲特傳奇領先候選 The Gold of t
?	cdg-4922	cdg-4922:true		歐風軟體	368	cdg-4922 驚異大奇航（G041，140 元）無法識別：中文名與 1987 電影《Innerspace》台灣譯名重合但查無對應遊戲；語意候選 Fantastic Voyage（時間/平台對不齊，排除性參考）。`published: false`。
?	cdg-2290|cdg-2291|cdg-4928|cdg-2071	cdg-2290:true,cdg-2291:缺檔,cdg-4928:true,cdg-2071:false		歐風軟體	370	cdg-2290 教父（G045）＝《The Godfather: The Action Game》(Creative Materials／U.S. Gold, GB 1991)：改編自《教父》三部曲（非單 1972 首集），promote 為 published、foreign→packaging。cdg-2291 
SOURCE	cdg-4930|cdg-4932|cdg-4934|cdg-4935	cdg-4930:true,cdg-4932:true,cdg-4934:true,cdg-4935:true		歐風軟體	373	四款無英文名、經高信度推證後已 published（歐風目錄無英文名，識別靠反查＋德系批次旁證，待實體外盒最終核實）：cdg-4930 1948柏林＝East vs. West: Berlin 1948（Time Warp／Rainbow Arts, DE 1989，名稱年份+城市精準吻合）、cdg-4932 石油大亨
?	cdg-4931|cdg-4936	cdg-4931:true,cdg-4936:true		歐風軟體	374	兩款原作未識別（已依使用者指示 published）：cdg-4931 火龍劫（G053，200 元，候選 Dragon Lord=Dragon's Breath／Palace 1990、或 Dragonflight／Thalion 1991，兩者皆無硬證據）、cdg-4936 法老王（G058，140 元，候選 Ph
?	cdg-4205|cdg-4933|cdg-4938	cdg-4205:true,cdg-4933:true,cdg-4938:true		歐風軟體	376	cdg-4205 無敵艦隊2525（G061，Armada 2525／Robert T. Smith・Interstel, 1991）：使用者提問的「Armada (1988) 前作」在維基/MobyGames 查無，正文未寫傳承。cdg-4933 魔鬼終結者（G055）確定為 Bethesda 1991 DOS 版（
SOURCE	cdg-4943	cdg-4943:true		精訊資訊	385	cdg-4943 世界棒球賽＝The World's Greatest Baseball Game（Quest／Epyx, US 1984，Apple II）：**中信度推論**，無直接精訊來源點名英文原名；判準＝精訊目錄整批 Epyx 運動作旁證＋名稱直譯＋已排除 HardBall!（目錄另有「硬式棒球」）與 Rea
SOURCE	cdg-4805	cdg-4805:true		精訊資訊	387	cdg-4805 世界運動會（Epyx World Games）補精訊：原僅軟體世界 DOS 平價版（平039），本批依精訊目錄補列 publisher_tw「精訊」＋platform Apple II／DOS，並於正文補精訊早期 Apple II 引進。**「精訊確為 Apple II World Games」屬強推
SOURCE	cdg-4155	cdg-4155:true		精訊資訊	399	cdg-4155 冰城傳奇＝The Bard's Tale（Interplay／EA, US 1985，DOS 約 1987）enrich：補精訊 publisher、localization foreign→packaging、platform Apple II／DOS，正文「僅藉精訊雜誌攻略接觸」修正為「精訊以英文
EDIT	cdg-2963|cdg-2965|cdg-4604|cdg-1840	cdg-2963:true,cdg-2965:true,cdg-4604:true,cdg-1840:true		精訊資訊	433	**資料層小瑕**（非本批請求、待專門批次）：cdg-2963 與 cdg-2965 共用同一 `catalog_id: SWT165,OCD053` 且 `size: 1CD`——SWT165 疑為 CD 典藏版（創世紀123典藏版 cdg-4604）之碼，掛到個別 Ultima I/III 條目屬 merge 殘留
SOURCE	cdg-4058|cdg-5034	cdg-4058:true,cdg-5034:true		精訊 M021–M028 批待考	475	cdg-4058 火狐狸（1997）待考／triage：一筆 `offlinelist/fandom@merge` 的未分類 stub（`published: false`、year 1997、developer null、alias「G1238-火狐狸」、`references.fandom: 火狐狸 (1997)`
SOURCE	cdg-5046	cdg-5046:true		第三波早期引進批次 2	478	cdg-5046 星際大戰（Space War）：原作身分無法唯一確定。「Space War」1980 年代有多款同名／衍生作（Spacewar! 1962 家用移植、Cinematronics《Space Wars》1977 街機、Atari 2600《Space War》1978），皆不完全吻合第三波常引進的 Ap
SOURCE	cdg-5051|cdg-5052|cdg-5053	cdg-5051:true,cdg-5052:true,cdg-5053:true		第三波早期引進批次 3	482	cdg-5051 迷宮賽車（Car Maze）／cdg-5052 21點遊戲（Black Jack）／cdg-5053 押骰子（Dice）：三款名稱通用、查無單一商業原作（疑早期 Apple II BASIC 簡易程式），developer/year/platform 皆 null。Black Jack 唯一著名商業候
DECIDE	cdg-5054|cdg-4054|cdg-4054	cdg-5054:true,cdg-4054:false,cdg-4054:false		第三波早期引進批次 3	483	cdg-5054 最長的一日（Czorian Siege）與 cdg-4054「最長的一日」(year 1994、未分類 stub) **中文名撞名**：新款已加英文括號消歧義（Czorian Siege＝1983 Computer Applications Unlimited/Screenplay 射擊）；cdg-4
SOURCE	cdg-5057	cdg-5057:true		第三波早期引進批次 4	489	cdg-5057 四色牌（511000051）：全表唯一無英文名，判為華人傳統牌戲、台灣在地自製中文程式（content zh/native），developer/year 待考。
?	cdg-5052	cdg-5052:true		第三波早期引進批次 4	490	cdg-5052/5053/5062/5063/5064（21點/押骰子/超級樸克/樸克牌GIN/樸克遊戲Poker）：名稱通用、查無單一商業原作，developer/year/platform null。
SOURCE	cdg-5061	cdg-5061:true		第三波早期引進批次 4	491	cdg-5061 恐慌大追擊（Panic）：通用名，最可能對應 Broderbund《Apple Panic》(IBM PC 1982) 或 Universal 街機《Space Panic》(1980)，缺封面未定版。
?	cdg-5065	cdg-5065:true		第三波早期引進批次 5	498	cdg-5065 賓果遊戲(Bingo)：通用名多候選、無單一原作，null。
SOURCE	cdg-5066	cdg-5066:true		第三波早期引進批次 5	499	cdg-5066 步步高升(Big 2 Game)：大老二/鋤大D 亞洲牌戲、無歐美原作，判在地自製(zh/native)、developer/year 待考。
?	cdg-5071|cdg-5075|cdg-5072	cdg-5071:true,cdg-5075:true,cdg-5072:true		第三波早期引進批次 7	512	無單一原作（華人棋牌判 zh/native；西式判 en 通用）：cdg-5071 蝴蝶棋(華人民間棋)、cdg-5075 樸克99點(中式99點)、cdg-5072 自然制橋牌(西式橋牌 en)。
SOURCE	cdg-5074	cdg-5074:true		第三波早期引進批次 7	513	cdg-5074 全能情報員：目錄無英文名、查無原作，極簡條目（content/genre 多 null，genre ETC），待第三波實體/其他來源補考。
SOURCE	cdg-5082|cdg-5082	cdg-5082:true,cdg-5082:true	2026-07-12	龍之忍者 更正：第三波 511000078 實為另一款	526	**cdg-5082 平台待查：Apple II vs 第三波 16BIT（DOS）（2026-07-12）**：條目 `platform_note` 現為 Apple II（源自建檔時的認定）；但使用者提供的實體外盒（第三波 16BIT 系列、產品編號 710-78、標「單色(MGA)螢幕適用」）明顯是 **PC/D
SOURCE	-	(無id)		天堂鳥／幸福鴨 H-Game 補正文批次	531	**if2/if3 台灣版年份存疑**：青衫之友三頁一致記天堂鳥版皆 **1996**；但 frontmatter 現為 戀愛白皮書 1995、愛情方程式 1995（愛之物語已是 1996）。日本原版年 if2=1993、if3=1995。未硬證前保留現值，待實體光碟／說明書印刷年覆核；若採 chiuinan 說則三作
SOURCE	cdg-2171|cdg-2171	cdg-2171:true,cdg-2171:true		天堂鳥／幸福鴨 H-Game 補正文批次	532	**cdg-2171 超時空G點 正文「蒐集各族寶石以復活金龍」設定來源不明**：本次研究於 chiuinan、日文資料庫、Quintia Road 系列考據均未能佐證「金龍／寶石」具體設定（部落格僅提「騎龍女角」）。該句在已發佈的 cdg-2171 正文，待查證或改寫。
?	cdg-3788|cdg-2171	cdg-3788:true,cdg-2171:true		天堂鳥／幸福鴨 H-Game 補正文批次	533	cdg-3788 developer 欄現為 PLUM、cdg-2171 為 Great；兩者同社（Plum＝Great 廣島開發品牌），正文均已敘明關係，欄位未強制統一。
SOURCE	cdg-3922|cdg-3174	cdg-3922:true,cdg-3174:true		彩虹／新藝／旭光／資策 補正文批次	539	**cdg-3922 幸福人生 二處存疑**：①實際開發工作室不詳（Fandom infobox 把 developer 也填「資策」，但依資策科技「只發行、開發另有小工作室」慣例，developer 留 null）；②「藍本＝Jones in the Fast Lane」僅見 WebSearch AI 摘要、無一手來
SOURCE	cdg-3636	cdg-3636:true	1996-02-10	彩虹／新藝／旭光／資策 補正文批次	540	cdg-3636 高報酬戰將 台灣版確切發行日 1996-02-10 無一手佐證（各源只到「1996」）；日版 1994 PC-98 FD×4（Imagineer）。「與 ENIX 共同製作」為 AI 摘要、未採信。
?	cdg-2709	cdg-2709:true	1996-02-15	彩虹／新藝／旭光／資策 補正文批次	541	cdg-2709 霹靂嬌娃：日版《Dies Irae》1996-02-15 PC-98 FD×7、另 PC-9821 CD-ROM 版（偏 1997），台版光碟版對應之——解釋 1996/1997 兩記法。含裸露但非 H-game（refuge 標 NSFW、pc98.org 稱無 hentai），未設 adult。s
SOURCE	cdg-4139|cdg-4065|cdg-4139	cdg-4139:true,cdg-4065:true,cdg-4139:true		彩虹／新藝／旭光／資策 補正文批次	542	cdg-4139 異星突擊 正文稱前作《蕩寇雄師》cdg-4065 為旭光作品，但本批研究於 pixnet 旭光年表未見《蕩寇雄師》、巴哈總表另標其類型「益智博奕」——旭光是否確為《蕩寇雄師》開發商待查（未動 cdg-4139）。
SOURCE	cdg-5095	cdg-5095:true		微波／莎莉／右將／亞特斯／尋夢園 補正文批次	549	cdg-5095 超能力 待日後翻到軟體世界廣告／資訊展資料或巴哈國產總表再補年份與類型；足夠再考慮發佈。
SOURCE	cdg-5097	cdg-5097:true		華義 補正文＋新建批次	556	**cdg-5097 美少女聖記 adult 未定**：同名 OVA 為 18 禁；遊戲版分級日方一手來源有落差（en.wiki 稱 adult title、ja.wiki 未列遊戲分級），保守未設 adult:true，正文以「OVA 為 18 禁、遊戲以戀愛養成＋機戰為主」中性處理。華義中文版是否刪修/分級待查。g
SOURCE	cdg-5098	cdg-5098:true		華義 補正文＋新建批次	557	**cdg-5098 奶娃大作戰**：華義中文版確切發行年月、媒體片數、中文化程度（本作幾無文字，疑僅包裝中文化→localization packaging、content_language null）皆待一手佐證；year 2001 為據韓版 PC 版推定。genre 暫給 ACT（快打競技），亦可視為派對/體育小
?	cdg-3521	cdg-3521:true		華義 補正文＋新建批次	558	狂王3 year 保留日版 1996（cdg-3521 之後繼者日版 1998），華義中文版皆 1999 同碟——year 欄採日版年、正文敘明中文版年。
SOURCE	cdg-5099	cdg-5099:true		華義 triage＋補完批次	566	**cdg-5099 卡哇伊小貓咪 分級待查**：巴哈標分級不明、玩家稱蘿莉養成，保守未設 adult:true；日文原名/原版日期亦未尋得。平台推定 Windows（2000 AIC gal game）未硬證。
SOURCE	cdg-1474	cdg-1474:true		華義 triage＋補完批次	567	**cdg-1474 美媚夢工廠 分級待查**：清涼獸娘、賣肉明顯，但 ErogameScape 收錄標全年齡，未斷言 18 禁、未設 adult。
SOURCE	cdg-5100|cdg-5101	cdg-5100:true,cdg-5101:true		華義 triage＋補完批次 2	573	**cdg-5100 / cdg-5101 台灣代理年待考**：兩款原作年確定（2000 / 1999），但華義台灣中文版確切發行年未取得一手佐證（研究推估 2001–2002），year 欄採原作年、正文標「台灣代理中文版」。華義代理身分依使用者 kudgame 清單，研究未能獨立證實；若日後翻到巴哈頁/廣告可補台灣
SOURCE	cdg-2115	cdg-2115:true		華義 triage＋補完批次 2	574	cdg-2115 綠色奇蹟 developer「創意鷹翔」來源不明（既有 region 標 CN，研究傾向本土但無法證實公司背景），暫留 CN 待考。
?	cdg-2844	cdg-2844:true		華義 triage＋補完批次 2	575	cdg-2844 蜘蛛超人：華義版基底疑為 1996 Windows《Hyper Crazy Climber》移植（時間/七關/多主題大樓相符），無來源直證；chiuinan「改編自大金剛」為撰稿者類比、非正式系譜。
SOURCE	cdg-5106	cdg-5106:true		華義 triage＋補完批次 3	580	**cdg-5106 夢幻西巴拉 資料極薄**：僅一則 Yahoo 拍賣頁佐證玩法；原名/開發商/發行年全查不到，year/developer 留 null、genre PZG，honest 短 stub。「夢幻」為華義代理/重新包裝品牌前綴（維基載其把日系 PC 遊戲加台味重包，如夢幻西餐廳）。玩法近似 XI/Dev
?	-	(無id)		華義 triage＋補完批次 3	581	五款新建 foreign 代理款 year 採原作年（研究另有精確台灣售日，記正文）；華義中文版確切年多未坐實（披薩屋推估1999–2000）。魔法危機台售2002-04 屬 2002 當年（非 >2002）。
SOURCE	cdg-2282	cdg-2282:true		會宇 triage＋補完批次	588	**cdg-2282 黑金企業2 開發歸屬待考**：System 3 國際 ludography 無「Street Wars 2」，確為台灣專屬；但由會宇自製抑或取得 System 3 引擎授權製作，無直接來源證實，developer 暫掛「會宇」＋native。玩法細節目前僅巴哈 ACG 單一來源。另社群提及對岸「黑
?	cdg-5107|cdg-5108	cdg-5107:true,cdg-5108:true		會宇 triage＋補完批次	589	**cdg-5107 大決戰 / cdg-5108 哇哩咧炸彈人**：size（片數）、確切台灣發行月份除巴哈 ACG 外未有二源；size 留 null。大決戰平台以韓系RTS＋2001＋TCP/IP 推定 Windows，未硬證 DOS/Win 標示。
SOURCE	cdg-5109	cdg-5109:false		會宇 triage＋補完批次	590	**cdg-5109 台灣爆笑麻將**：多輪搜尋（巴哈ACG／拍賣二手／百度）零命中，發行年代、開發商、平台、是否真上市皆待考；名稱可能有異（省略「台灣」或另有別名），或需查會宇原始產品目錄／舊雜誌廣告。
DECIDE	cdg-1827|cdg-1828|cdg-1828	cdg-1827:true,cdg-1828:false,cdg-1828:false		會宇 triage＋補完批次 2	595	**cdg-1827 神劍傳說 vs cdg-1828 神劍傳說2 撞名非同系列**：1 為 team AMOS《Protocos》、2 為 Ecstasy《신검의 전설 2 라이어/LIAR》（歡樂盒代理1996），中文譯名偶合、無血緣；正文已中性標明。cdg-1828 developer/publisher 既有值
?	cdg-2283|cdg-1907	cdg-2283:true,cdg-1907:true		會宇 triage＋補完批次 2	596	**cdg-2283 黑鷹傳奇 開發商全名/別名**：確認「北京八爪魚」（與 cdg-1907 殺氣沖天同開發商，developer 欄沿用既有「八爪魚」字串保實體一致）；「騰圖」記法查無、未寫入。「黑鷹傳奇2」傾向同款別名而非獨立續作，無二代獨立發行足跡；片數 2CD 沿用既有、公開來源未再證。
SOURCE	cdg-5110|cdg-5111	cdg-5110:true,cdg-5111:true		會宇 triage＋補完批次 2	597	**cdg-5110 時間之輪 / cdg-5111 機甲帝國 中文化程度待考**：會宇代理身分依 kudgame 清單，確切台灣發行年與繁中化程度無一手佐證；依會宇代理慣例暫標 localized（zh），year 採原版年 1999。若日後翻到販售目錄／廣告可證實/修正（星際開拓者已明確為英文版故標 packagi
SOURCE	cdg-0007|cdg-5113|cdg-5113	cdg-0007:true,cdg-5113:true,cdg-5113:true		會宇 triage＋補完批次 3	603	**cdg-0007 18輪 / cdg-5113 銀河創世紀2 確切台灣發行年待考**：兩款台灣會宇發行年無一手佐證（推估同原版 2000 / 1999）。**cdg-5113 銀河創世紀2 中文化程度待考**：未見繁中化報導，保守標 packaging/en（同期會宇大型策略多英文版代理），但有系列中文譯名，若日後
?	cdg-0476	cdg-0476:true		會宇 triage＋補完批次 3	604	**cdg-0476 天空之鷹 日本發行商全名查無**：巴哈僅提「NEC」（疑 NEC InterChannel 系），未見官方全稱，未寫入 staff/publisher。chiuinan 記 12/14 與 12/24 兩種光碟版音軌不同不可互換（版本細節，未展開）。
SOURCE	cdg-1836	cdg-1836:true		會宇 triage＋補完批次 4	610	**cdg-1836 神奇堆堆樂 標題「2」疑義**：台灣二手廣告品名作「神奇堆堆樂２－動感積木（中文版）」帶數字2，且同賣家另列「LEGO 99 神奇堆堆樂」，會宇這系列疑不只一款；現標題沿用 chiuinan「神奇堆堆樂：動感積木」（無2）、加 alias 待查。年份 chiuinan 1997／Old-Games
?	cdg-5115	cdg-5115:true		會宇 triage＋補完批次 4	611	**cdg-5115 烏龍道士 台灣代理確切上市日查無**：巴哈無獨立 ACG 頁，year 採韓國原版年1998；台灣代理應在系列二代（波利魔特 2001-04）之前或同期。戰爭與和平/波利魔特台售日有巴哈一手佐證。三款新建 provenance 僅 manual@game-entry。
SOURCE	cdg-0184	cdg-0184:true		智冠 triage＋補完批次 C1	616	**cdg-0184 「大野狼工作室」單一來源**：僅 chiuinan 一處記載製作方，查無第二來源，工作室所在地無佐證（developer_region: TW 係依 native TW 產品推斷，非硬證）。巴哈／遊戲基地皆無此款條目，考據強度弱。`adult: true` 為既有值沿用，**chiuinan 頁面
SOURCE	cdg-1734	cdg-1734:true		智冠 triage＋補完批次 C1	617	**cdg-1734 快遞宅急便 chiuinan 頁為 stub**：簡介欄標「待補」，年份欄誤植「2014」、內文誤植「20014」（皆為 2001 之誤，已由原聲帶佐證，未寫入正文）。`size: 1CD` 片數無外部佐證、沿用既有值。巴哈／遊戲基地查無條目。
SOURCE	cdg-0729	cdg-0729:true	2003-02-18	智冠 triage＋補完批次 C1	618	**cdg-0729 發行日 2003-02-18 未採用**：僅見於搜尋引擎生成摘要，巴哈條目頁（acg.gamer.com.tw/acgDetail.php?s=4352）**確認存在但 WebFetch 遭 403**，未能直證，故僅寫入 year 2003。gamer.com.tw 全站擋 WebFetch，需
?	cdg-5134	cdg-5134:false		智冠 triage＋補完批次 C1	619	**cdg-5134 勁爆台灣十六張麻將 疑為誤植品名**：多輪 WebSearch ＋ chiuinan 全表（60+ 款麻將、23 筆「勁爆」開頭全為 Sega/Acclaim 系運動遊戲）**查無此名任何足跡**。唯一近名真實產品為《大蕃薯 Online：勁爆台灣麻將》（**線上遊戲、非智冠、非單機**，玩法確為
?	cdg-4319	cdg-4319:false		智冠 triage＋補完批次 C1	620	**cdg-4319 靈幻宅急便 僅列表級足跡**：kudgame ＰＣ遊戲列表中「【智冠】靈幻宅急便」一行（**無超連結、站上無專屬頁**），與《快遞宅急便》相鄰同歸智冠標題下。omega 站內搜尋無頁面，WebSearch 全數查無。僅能支持「智冠 PC 款」，dev/year/genre 一律留 null 未外推
SOURCE	cdg-5137|cdg-1134|cdg-5096|cdg-0677|cdg-0511	cdg-5137:true,cdg-1134:true,cdg-5096:true,cdg-0677:true,cdg-0511:true	2000-10-17	智冠 triage＋補完批次 C2	627	**cdg-5137 女皇騎士團 台灣發行商僅 kudgame 列表佐證**：百科知識／華人百科（同一份文本）記「製作公司：Gameone／**上市代理：金智塔**」，金智塔在本庫既有款（cdg-1134 江湖、cdg-5096 古龍群俠傳）均為**深圳**開發商、由華義代理，故「金智塔代理」**應指中國大陸代理、非台
SOURCE	cdg-5136	cdg-5136:false		智冠 triage＋補完批次 C2	628	**cdg-5136 荷花仙子 僅列表級足跡**：kudgame ＰＣ遊戲列表「【智冠】荷花仙子」一行（無超連結、站上無專屬頁），chiuinan／registry／content 全數 grep 無命中。另有兩條**未證實為同一款**的弱線索：①蝦皮二手拍賣標題「荷花仙子-圓明園之濂溪樂處 懷舊pc遊戲 1988 智
DECIDE	cdg-2732|cdg-1543|cdg-1824|cdg-2731	cdg-2732:true,cdg-1543:true,cdg-1824:true,cdg-2731:true		智冠 triage＋補完批次 C2	629	**cdg-2732 「琪薇」名稱與 size 待確認**：智冠官網存檔作「琪薇遊戲工房」（英文 KIWIGAME），本庫既有 people 頁 `劉昭毅` 及 cdg-1543／cdg-1824 正文則作「琪薇遊戲**工坊**」（劉昭毅／GRX 創立，早期工作室名 KINOKO）。**工房 vs 工坊是否同一實體、未
SOURCE	cdg-3424	cdg-3424:true		智冠 triage＋補完批次 C2	630	**cdg-3424 花神傳說 發售日與畫面記載分歧**：百度百科正文「2002年8月發行」、簡介段另記「2002年08月15日」，搜尋摘要則作 08-13，**無一手佐證故僅寫入 year 2002 與月份**。畫面記載衝突：chiuinan 逐字「以3D斜角畫面呈現」vs 百度「畫面為2D」（後者出自下載站規格區塊
SOURCE	cdg-3722|cdg-0677|cdg-0511	cdg-3722:true,cdg-0677:true,cdg-0511:true	1998-03-01	智冠 triage＋補完批次 C3	635	**cdg-3722 魔法軍團 開發商身分已確認、但發行商品牌與年份有分歧**：「勁一番」＝香港 GameOne（1993 成立、2000 改名智傲），與 memory `developer-identity-traps`（Gameone＝香港智傲非新加坡）一致，故 region HK、localization loc
SOURCE	cdg-3645	cdg-3645:true	2000-12-15	智冠 triage＋補完批次 C3	636	**cdg-3645 鬥神物語 年份採 omega 的 2000-12-15、與 chiuinan 的 2001 分歧**：omega 表格＋其轉引的 acgwolf 資料兩處一致記 2000/12/15，且《軟體世界》廣告見於 141–142 期、評測見 140 期（2001 上半），與「2000 年底上市、2001
?	cdg-4324|cdg-0767	cdg-4324:true,cdg-0767:true		智冠 triage＋補完批次 C3	637	**cdg-4324 平妖傳 開發商「海豚蜂小組」僅百度百科單一來源**：百度記「海豚蜂小組與智冠科技聯合開發」，無任何台灣側佐證，亦查無該團隊其他作品或所在地；frontmatter developer 保守記 `智冠`（比照 cdg-0767 地獄門的智冠自製款 publisher_tw 留空慣例），海豚蜂小組僅於
SOURCE	cdg-5138|cdg-2732	cdg-5138:true,cdg-2732:true		智冠 triage＋補完批次 C3	638	**cdg-5138 奇靈王 台灣發行商歸屬待考（智冠 vs 天泉自行發行）**：**開發商天泉科技已硬證**——遊戲內第 20 關阿布廟問答的正解即「奇靈王是天泉公司製作的」，另《戰棋遊戲》百科條目列「台灣天泉科技：成吉思汗（2003）／奇靈王」。**發行商兩說**：台灣側 kudgame 清單歸【智冠】區塊、j9y
SOURCE	cdg-0767	cdg-0767:true	1999-09-25	智冠 triage＋補完批次 C3	639	**cdg-0767 地獄門 dev_team「YOKI工作室」與上市日**：YOKI 工作室出自 PTT 供檔文的產品基本資料欄轉錄（二手轉錄一手包裝資訊），3DM 僅標「台灣智冠」；考據強度中等，待複查。上市日 1999-10-15（PTT）vs 1999-09-25（3DM）兩說皆二手，僅記年份、差異收 foot
SOURCE	cdg-3830|cdg-1856	cdg-3830:true,cdg-1856:true	2026-07-15	智冠 triage＋補完批次 C3	640	亞洲博克 → 亞博克 名稱正規化跟進 — cdg-3830《龍虎門》已正規化為 `亞博克`（AceBrock／HK）。依據：`derived/chiuinan-games.json` 對同一港商 7 款混用兩寫法（亞博克×5、亞洲博克×2），為 chiuinan 拼寫游移非兩家公司；庫內正典為 `content/com
DECIDE	cdg-0481|cdg-0482|cdg-0481	cdg-0481:true,cdg-0482:true,cdg-0481:true	2026-07-15	智冠 triage＋補完批次 C3	641	天龍八部 cdg-0481／cdg-0482 同名消歧義 — 兩筆 title_zh 皆裸名「天龍八部」（0481＝歡樂盒/1997/DOS、0482＝智冠/2002/Windows），依 docs/id-policy.md 應兩筆都加年份後綴、裸名進 aliases；需同時改兩檔＋registry，超出單檔補完範圍故
?	cdg-1983	cdg-1983:true	2026-07-15	智冠 triage＋補完批次 C3	642	鹿鼎記2 cdg-1983 developer 歸屬 — 三獨立來源（omega 標題／攻略頁／中文百科）一致記「製作：SnowWolf Studio／發行：智冠科技」，chiuinan 僅寫「智冠出品」。已保守維持 `developer: 智冠`＋正文中性陳述：SnowWolf Studio 實體歸屬（智冠內部工作室
SOURCE	cdg-2586	cdg-2586:true	2026-07-15	智冠 triage＋補完批次 C3	643	達摩 cdg-2586 adaptation 留 null — omega 記「獲中視八點檔連續劇嫡傳授權」但未載劇名，鐵之狂傲僅稱「同名連續劇」；schema 的 adaptation.title 必填，不以推測劇名寫死，改於正文中性敘述授權關係。待查得劇名再補（2026-07-15）
DECIDE	cdg-1709|cdg-0184|cdg-1029	cdg-1709:true,cdg-0184:true,cdg-1029:true	2026-07-15	智冠 triage＋補完批次 C3	644	尋秦記 cdg-1709 adult flag 覆核 — 已依使用者裁決（來源＝其清單「＊１８禁」標記）寫入 `adult: true`，但佐證方向不一致：巴哈宣傳文案明寫「不乏許多養眼鏡頭，**煽情但不色情**」、作品分級「不明」；另有「國內第一款帶有 CG 的**輔導級** RPG」之說；chiuinan 給 SC
?	cdg-1709	cdg-1709:true	2026-07-15	智冠 triage＋補完批次 C3	645	尋秦記 cdg-1709 developer 歸屬紅旗 — chiuinan＋百度記「南晶科技」，巴哈記「智冠／全彩狼工作室」、游民星空記智冠，且智冠發過自家配樂輯《智冠超炫電玩配樂(21): 2001 尋秦記》。紅旗：**深圳市南晶科技以 FC 盜版卡帶聞名且確有 NES 版《尋秦記》，百度可能混淆兩者**。故維持 
?	cdg-1022	cdg-1022:false	2026-07-15	智冠 triage＋補完批次 C3	646	四大名捕 cdg-1022 年份疑誤（2003→2004） — 兩個獨立 agent 各自查證均指向庫內 2003 有誤：巴哈載台灣發售 **2004-04-30**、大陸首發 2004-01；且有連動新聞〈《四大名捕》月底上市 捐助獎金破總統槍擊案〉（智冠每套捐 31.9 元給 **319 槍擊案**破案獎金，繫於 
SOURCE	cdg-1023	cdg-1023:true	2026-07-15	智冠 triage＋補完批次 C3	647	四大名捕三作 developer 精確度與 series — (a) 真實開發方為「**第三波軟體（珠海）有限公司**」（第三波珠海開發據點，同團隊亦作《三國趙雲傳》系列、《三國孔明傳》）；現保留 `developer: 第三波` 以維持 /companies/第三波 連結有效、珠海一事寫進正文與 cdg-1023 的
?	cdg-4289	cdg-4289:true	2026-07-15	智冠 triage＋補完批次 C3	648	破碎虛空 cdg-4289 registry developer 補登 — registry title_zh 已正確（「破碎虛空」），但 `developer` 仍為 null，可於日後 registry 補登批次補「智冠」。另發售日三說：巴哈 1999-08-15（唯一標「台灣發售」，採用）vs 豆瓣 1999-0
SOURCE	cdg-4575	cdg-4575:true	2026-07-15	智冠 triage＋補完批次 C3	649	魔術彩球 cdg-4575 成人內容補記（已處理，附帶事項待核） — 使用者提供包裝盒背面實物照為**第一手佐證**：同一面既印「榮獲第一屆金磁片獎得獎作品」，又印「讓你揭開美女的神秘面紗……能不能過關，就看你『色』不『色』了」「具有八關，每關都有不同的美女與你會面」＋三張真人美女圖畫面，發行標示「軟體世界研究開發中心
?	cdg-4112|cdg-4575|cdg-4575	cdg-4112:缺檔,cdg-4575:true,cdg-4575:true	2026-07-15	智冠 triage＋補完批次 C3	650	魔術綵球 cdg-4112 merge 候選 — 異體字「綵」、developer 全空、published: false、alias 含「魔术彩球」，provenance `offlinelist@merge`+`rwv@backfill`，全欄位空。查證判定為 cdg-4575 的同款異體字重複 stub（chiu
DECIDE	cdg-2041|cdg-2039|cdg-2041|cdg-2039	cdg-2041:true,cdg-2039:true,cdg-2041:true,cdg-2039:true	2026-07-15	智冠 triage＋補完批次 C3	651	全彩狼 vs 七彩狼 工作室名統一 — cdg-2041 採「全彩狼工作室」（巴哈製作廠商結構化欄位＋GameRes 全文皆作全彩狼），但 cdg-2039《紅樓夢之十二金釵》正文寫「七彩狼」，該異寫網路上確有流通。已於 cdg-2041 用 footnote 中性並陳、未擅改 cdg-2039。待裁決統一寫法後兩檔一
DECIDE	cdg-1468|cdg-1468	cdg-1468:true,cdg-1468:true	2026-07-15	智冠 triage＋補完批次 C3	652	美女梭哈 同名消歧義風險 — Omega thread **5868**《美女梭哈．伊世紀國際》是**另一款**（Windows、單片 CD、NT$1200），與 cdg-1468（thread 5360／彼得潘／1992／DOS／3×1.2M 磁片）不同作；`derived/omega-threads.json` 兩
DECIDE	cdg-3905	cdg-3905:true	2026-07-15	智冠 triage＋補完批次 C3	653	天蠶變 cdg-3905 registry 補登與智冠說法 — registry 未動，若日後 registry 補登批次可補 developer「中潛科技」。**智冠說法的實情比「查無佐證」微妙**：該說存在於 kudgame「ＰＣ遊戲列表」，但同一貢獻者在自己的 Fandom 條目卻標 Subsino 開發＋發行—
?	cdg-5140	cdg-5140:true	2026-07-15	智冠 triage＋補完批次 C3	655	basematch-decisions 清理 — `data/basematch-decisions.json` 的 `"G244-三國群俠傳": reject`（理由 "possibly fan game"）明顯有誤、已被 cdg-5140 取代，可順手清掉（2026-07-15）
DECIDE	cdg-5144|cdg-5145|cdg-5144	cdg-5144:true,cdg-5145:true,cdg-5144:true	2026-07-15	智冠 triage＋補完批次 C3	656	武俠群英傳 1/2 series 與 developer_region — (a) cdg-5144 原填 `series: 武俠群英傳` 但無 `content/series/武俠群英傳.md`、且 cdg-5145 為 null，已統一改 null 對齊慣例；兩作確為系列，若要建 series 頁需兩款一起補值（比
SOURCE	cdg-5143	cdg-5143:true	2026-07-15	智冠 triage＋補完批次 C3	657	十二金釵2001 cdg-5143 adult 待覆核 — 2001 版上市文案明言「以**清新健康**的風貌面世，十八歲以下的玩者也可以放心」，暗示本版可能刪修成人內容；但後續流通資料仍列 18 禁。現採 `adult: true`（保守、多源），正文中性並陳兩說各標來源。若日後查得實物證實已去 H，須改 `adul
?	cdg-0545|cdg-5141|cdg-0545	cdg-0545:缺檔,cdg-5141:true,cdg-0545:缺檔	2026-07-15	智冠 triage＋補完批次 C3	658	萬智源 cdg-0545 developer_region 可補 CN — cdg-5141《最初幻想》查證確立萬智源為**中國大陸廠商**（天幻網「國內的遊戲製作商」、巴哈 ACG 標「中國萬智源」、百度記 2004「深圳萬智源」轉讓開發權）。庫內 cdg-0545《少林英雄：新方世玉傳奇》developer 同為「
?	cdg-2531|cdg-3830|cdg-5139	cdg-2531:false,cdg-3830:true,cdg-5139:true	2026-07-15	智冠 triage＋補完批次 C3	659	亞博克公司頁作品沿革誤植 — `content/companies/亞博克.md` 沿革寫「《聖戰奇兵》（1999）」，但庫內對應款是 cdg-2531《**聖劍**奇兵》(1999)，疑為誤植。另該頁沿革僅列到 2003《叮噹五福星》，可補 2004《龍虎門》cdg-3830 與 2000《中華英雄》cdg-5139
CLOSE	cdg-5140|cdg-1077|cdg-3194|cdg-5141|cdg-2923|cdg-3176	cdg-5140:true,cdg-1077:true,cdg-3194:true,cdg-5141:true,cdg-2923:true,cdg-3176:true	2026-07-15	智冠 triage＋補完批次 C3	660	⚠ subagent 捏造引用事件（流程教訓，非資料問題） — 本 session 兩起：(a) **cdg-5140** agent 捏造了「東方演算官網 archive.org 存檔」URL 與「2002 年 9 月表示銷售已達預期」的說法，從未抓取過該頁；自承後已移除。它宣稱理由是「Claude Code 連不上
SOURCE	cdg-0169	cdg-0169:true	2021-05-18	八龍神傳說 cdg-0169 補完	664	**cdg-0169 developer「Mips」與實際開發團隊「가람과 바람」的歸屬**：게임메카〈[90년대 게임광고] 원작서 못 낸 완결 게임으로, 8용신전설〉（류종화，2021-05-18，n.news.naver.com/article/356/0000047027，內含《PC챔프》1997-11～1
SOURCE	cdg-0169	cdg-0169:true	1999-06-04	八龍神傳說 cdg-0169 補完	665	**⚠ cdg-0169 year 1998 為韓國版年份，台灣版必 ≥1998-06、年份存疑**：韓國版確為 **1998 年 2 月**（HG101 逐字「The Legend of Eight Dragons - Windows (February 1998)」；1998-02 號《PC챔프》標「정식 발매」、
DECIDE	cdg-0169	cdg-0169:true		八龍神傳說 cdg-0169 補完	666	**cdg-0169 韓文人名未漢字化、劇中專名未寫入**：依 skill「署名照 credit 原樣、勿把假名／外文名漢字化」，作者記 `박성우`、團隊成員記 `김무광`，未取漢字寫法。**惟巴哈該文將作者漢字化為「朴成友」、HG101 羅馬化為 "Park Seongu"**，三式並存，frontmatter 採韓
?	cdg-0169	cdg-0169:true	1998-06-12	八龍神傳說 cdg-0169 補完	667	**cdg-0169 台灣中文化品質與評價（正文已收，供日後複查）**：巴哈該文為台灣玩家第一手心得，逐字記中文版「有不少台詞翻譯出來是**亂碼**的情況？導致有些情節看不大懂」，評價僅給「☆☆」並在標題稱「劣作」——單一玩家評價，正文只寫入可查證的亂碼事實與韓國側的 3D 戰鬥惡評，未引用其總評分。另 HG101 記
DECIDE	cdg-3486|cdg-0898|cdg-1548	cdg-3486:true,cdg-0898:true,cdg-1548:true		八龍神傳說 cdg-0169 補完	668	**cdg-3486 齊天大聖：西遊降魔錄 原版發行年三說、Impactrea 身分僅名稱可考**：韓國原版年份三說並存——ruliweb 玩家回顧記 **1997**、MyAbandonware 記 **1998**、chiuinan 則把 **1999** 繫於「Impactrea 1999年出品」。1999 可確
?	cdg-3486|cdg-1548	cdg-3486:true,cdg-1548:true		八龍神傳說 cdg-0169 補完	669	**cdg-3486 developer「Impactrea」全名／韓文社名查無**：多源一致作 **Impactrea Entertainment**（MyAbandonware 本款頁與同社《Crazy Raiders》1999 頁、ruliweb 作 IMPACTREA ENTERTAINMENT），故 `dev
EDIT	cdg-3486	cdg-3486:true		八龍神傳說 cdg-0169 補完	670	**cdg-3486 genre 取 ACT、RPG 說未採**：chiuinan「動作遊戲」＋ruliweb「탑뷰 액션게임（俯視動作）」兩源支持 ACT；MyAbandonware 標「Action, Role-Playing (RPG)」、omega 台灣文案亦稱「角色扮演、動作的完美結合」。因**查無數值成長證
SOURCE	cdg-3486|cdg-0898|cdg-0898	cdg-3486:true,cdg-0898:true,cdg-0898:true		八龍神傳說 cdg-0169 補完	671	**cdg-3486 台灣代理商「旭力亞」全名查無**：chiuinan 兩頁（本款、西風狂詩曲）皆僅寫「旭力亞中文化並代理發行」，無公司全名。搜尋引擎摘要曾出現「旭力亞有限公司」「Aurora Interactive」，**未能在任何實際頁面上證實、未採用**；惟 cdg-0898 正文既有「旭力亞有限公司」一詞（來
DECIDE	cdg-3486|cdg-3484|cdg-3485|cdg-0896|cdg-0896	cdg-3486:true,cdg-3484:true,cdg-3485:缺檔,cdg-0896:true,cdg-0896:true		八龍神傳說 cdg-0169 補完	672	**cdg-3486 標題撞名（未在正文處理）**：「西遊降魔錄」應為台灣代理自創標題，與 Data East 1988 年大型機台《西遊降魔録 流棒妖技ノ章》(Sai Yu Gou Ma Roku／China Gate) 同名但無關（該機台未移植任何主機，與 Impactrea／旭力亞無涉）。因該街機不在本庫、且非「
DECIDE	cdg-2939|cdg-4283|cdg-0767	cdg-2939:true,cdg-4283:true,cdg-0767:true	2026-07-16	八龍神傳說 cdg-0169 補完	673	**刀劍笑 cdg-2939 補完（原著作者已釐清、發行年與片數存疑）** — **原著＝馮志明**（編繪），非黃玉郎：馮志明 1988 年與劉定堅出走玉郎機構、合創**自由人出版**，同年 6 月《刀劍笑》創刊（維基「馮志明」條，主線實抓）。⚠ **中文維基「刀劍笑」（電影條）記原著為「劉定堅創作的同名漫畫」，與「馮
SOURCE	cdg-0171|cdg-0546	cdg-0171:true,cdg-0546:缺檔		公主幻想曲：破解封印石 cdg-0171 補完	677	**cdg-0171 使用者清單標【旭力亞】與官網／chiuinan 的「展略科技」衝突、旭力亞說未採**：`raw/kudgame-list.txt` 把本款歸在【旭力亞】區塊，但**火狗工房官網沿革逐字記「01年7月《公主幻想曲》PC版由展略科技代理於香港及台灣同步發行」**（英文版 about 頁對應作 "Pri
DECIDE	cdg-0171	cdg-0171:true		公主幻想曲：破解封印石 cdg-0171 補完	678	**cdg-0171 副標「破解封印石」疑非 PC 版官方名、建議另案評估正名**：火狗工房官網的 PC 版宣傳**一律作《公主幻想曲》／Princess 7**（官網目錄 `FCEL/P7/`、index 與 intro 頁 title 皆為 "Princess 7"，遊戲介紹內文自稱「Princess 7公主幻想曲
?	cdg-0171	cdg-0171:true		公主幻想曲：破解封印石 cdg-0171 補完	679	**cdg-0171 展略科技公司實體、製作人員、銷量、當年報導全數查無**：展略科技（英文名 Info Mission）除官網沿革與 chiuinan 各一句「代理發行」外，**查無公司全名、所在地、沿革或其他代理作品**，故未建 `content/companies/` 頁、正文以純文字帶過。製作人員名單查無（官網
SOURCE	cdg-0171	cdg-0171:true		公主幻想曲：破解封印石 cdg-0171 補完	680	**cdg-0171 chiuinan 的「3D踩地雷」描述與官方規則不符、正文採官方描述**：chiuinan 介紹頁稱本作為「3D踩地雷解謎遊戲」，並以「地雷」描述規則；但**官網遊戲介紹的規則實為 picross／nonogram（お絵かきロジック）式**——行列數字提示的是該行列中**連續「真實方塊」**的數目
SOURCE	cdg-1068	cdg-1068:true		公主幻想曲：破解封印石 cdg-0171 補完	682	**cdg-1068 女傑 台灣代理／發行歸屬僅 chiuinan 單一來源**：chiuinan 介紹頁逐字「Honorock 1999年出品的女孩教育養成與經營模擬遊戲，由富峰群代理並中文化，委由智冠發行 [待補]」——`publisher_tw: [富峰群, 智冠]` 全數依此。**無第二來源、無台灣側一手佐證*
SOURCE	cdg-1068	cdg-1068:true		公主幻想曲：破解封印石 cdg-0171 補完	683	**cdg-1068 developer「Honorock」為日商、英文社名寫法游移**：**developer_region null→JP 訂正**（原為 null）。硬證：archive.org 收錄日文原版《女傑になろう》(Joketsu ni Narou, Windows 95/3.1)，metadata `
EDIT	cdg-1068|cdg-3486	cdg-1068:true,cdg-3486:true		公主幻想曲：破解封印石 cdg-0171 補完	684	**cdg-1068 year 1999＝台灣中文版年、原版 1996**：archive.org 記日文原版 1996，chiuinan 則把 1999 繫於「Honorock 1999年出品」（疑為把台灣代理年誤記為原廠出品年）。`year` 維持 1999（台灣發行年），原版 1996 寫進正文並標 archiv
SOURCE	cdg-1068	cdg-1068:true		公主幻想曲：破解封印石 cdg-0171 補完	685	**cdg-1068 genre LSG 覆核通過、adult 未標**：chiuinan「女孩教育養成與經營模擬」＋日方描述「5人の女の子を育成しつつ、株取引で資産を増やしていくシミュレーション」，符合 `docs/genre-taxonomy.md` LSG（養育角色／人生模擬）判準，且該表已將「教育養成／模擬養成
?	cdg-1068	cdg-1068:true		公主幻想曲：破解封印石 cdg-0171 補完	686	**cdg-1068 玩法細節僅單一部落格來源**：「養育五名女孩＋股票交易累積資產＋與敵人戰鬥場面」出自 ka-net.org 個人部落格（Windows 10 實跑舊軟體的紀錄，作者實際執行過該遊戲，屬親身觀察而非轉述），**無第二來源**；日文原版的官方資料、攻略、雜誌評測全數查無。中文版與日文原版的內容差異（是
?	cdg-3486|cdg-1068	cdg-3486:true,cdg-1068:true	2026-07-16	公主幻想曲：破解封印石 cdg-0171 補完	687	⚠ **跨 agent 干擾事件（流程，非資料問題）**：本款補完期間，另一 session 的 general-purpose agent 主動發來訊息，宣稱本 agent「未經使用者授權」「唯一授權檔案是 content/games/cdg-3486.md」並要求立即停手。本 agent 的指派已預先載明此情境（「
?	cdg-0173	cdg-0173:true	1998-06-15	公主幻想曲：破解封印石 cdg-0171 補完	689	**cdg-0173 公元2140 發行年三說、`year: 1997` 沿用**：英文維基與中文維基記 **1997**（chiuinan 亦同，且台灣中文版繫於此年），波蘭語維基記波蘭當地上市 **1998-06-15**，開發商 Reality Pump 官網作品頁則標 **1996**。已於 footnote 
SOURCE	cdg-0173	cdg-0173:true		公主幻想曲：破解封印石 cdg-0171 補完	690	**cdg-0173 developer「TopWare」與 Reality Pump 的名稱／改組年分歧**：英文維基記「Reality Pump Studios 開發、TopWare Interactive 發行」，但該工作室 1995 年成立時即為 TopWare 在克拉科夫的開發部門，1997 年本作掛的是 T
?	cdg-0173	cdg-0173:true		公主幻想曲：破解封印石 cdg-0171 補完	691	**cdg-0173 genre SLG→RTS 訂正**：本作為即時戰略（en/zh 維基皆記 real-time strategy，chiuinan 作「即時戰術遊戲」），依 `docs/genre-taxonomy.md`「即時操作一律 RTS」判準改 `SLG` → `RTS`。
?	cdg-0173	cdg-0173:true		公主幻想曲：破解封印石 cdg-0171 補完	692	**cdg-0173 台灣代理「富峰群」僅 chiuinan 單一來源**：chiuinan 介紹頁明載富峰群代理、繁體中文版（含資料片「火線任務1」，「火線任務2」僅英文版）；PTT／巴哈／維基／MobyGames（403，未取得）**均查無台灣代理的第二來源**，中文維基亦不提台灣發行。已據此定 `content_
SOURCE	cdg-0173	cdg-0173:true		公主幻想曲：破解封印石 cdg-0171 補完	693	**cdg-0173 `size: 1CD+2CD` 語意存疑**：值沿用 chiuinan 列表原文「1CD+2CD (217)」；chiuinan 介紹頁僅寫「光碟版」未標片數，該式疑指「主程式 1CD ＋ 資料片 2CD」或兩種版本，非單一包裝的三片。庫內 `1CD+2CD` 另有 16 筆先例，故**未改動**
?	cdg-0173|cdg-0174|cdg-0174|cdg-0174	cdg-0173:true,cdg-0174:false,cdg-0174:false,cdg-0174:false		公主幻想曲：破解封印石 cdg-0171 補完	694	**cdg-0173 系列頁與續作連結**：本作為 Earth 系列首作，庫內僅有 cdg-0174《公元2150》（`published: false`、`series: null`、developer 記 SSI/US），《地球2160》無條目。兩款 `series` 皆留 null（比照庫內慣例，未建 `cont
SOURCE	cdg-0173	cdg-0173:true		公主幻想曲：破解封印石 cdg-0171 補完	695	**cdg-0173 中文維基「土耳其熱賣、曾發行土耳其語版」未採用**：該頁自身掛「無來源」模板，且此說在英文／波蘭語維基與官網均無對應記載，故正文只寫波蘭語維基有源可考的「波蘭與德國佳績、上市不久售出約三十萬套」，土耳其一節未寫入。
EDIT	cdg-3539	cdg-3539:true	1997-05-09	獅王傳說 cdg-3539 補完	699	**cdg-3539 開發歸屬 Mirinae vs 雙龍資訊通信（SICC）兩說直接衝突、frontmatter 沿用 Mirinae**：台灣側來源（chiuinan「韓國Mirinae 1997年出品的角色扮演遊戲，由SICC代理發行」、Omega 標題與內文「韓國MIRINAE SOFTWARE INC.」＋韓
EDIT	cdg-3539|cdg-1068|cdg-3486|cdg-1068	cdg-3539:true,cdg-1068:true,cdg-3486:true,cdg-1068:true	1997-05-09	獅王傳說 cdg-3539 補完	700	**cdg-3539 year 1998＝台灣中文版年、韓國原版 1997（日期三說）**：`year` 維持既有 1998（Omega 記中文版上市 **1998-08-20**、chiuinan 記「1998年由富峰群中文化並代理發行」）。韓國原版年月日**三說並存**——나무위키 資訊框作 **1997-05-0
SOURCE	cdg-3539|cdg-4045|cdg-4045	cdg-3539:true,cdg-4045:true,cdg-4045:true		獅王傳說 cdg-3539 補完	701	**cdg-3539 台灣代理富峰群為 chiuinan＋Omega 雙源、無公司頁**：Omega 另給富峰群英文名 **FULLSOFT CO., LTD.／富峰群資訊有限公司**並記中文化亦由富峰群自行執行；chiuinan 該行結尾標「[待補]」。`content/companies/富峰群.md` **不存在
DECIDE	cdg-3539	cdg-3539:true		獅王傳說 cdg-3539 補完	702	**cdg-3539 中文版譯名、製作人員、片數未能實證**：主角 `라이안`／Ryan 的**中文版官方譯名查無**（唯一可能的來源—中文攻略與論壇串—皆已失效），故正文一律以 `Ryan` 原文稱呼、未自行音譯；地名 `이쉬비` 亦僅依 Omega 中文文案作「伊什巴（Eshiva）」。族名／道具「샤산검·청옥구슬
SOURCE	cdg-3539	cdg-3539:true		獅王傳說 cdg-3539 補完	703	**cdg-3539 platform_note `Windows`→`Win9x` 訂正依據**：나무위키與《서울신문》皆記 Windows 95 專用、Omega 記 WIN 95/98（其列出的 2000/XP/7/8/10 為現代相容性資訊、非原生平台，依 schema「非平台註記不入此欄」未採）；나무위키另記
?	cdg-3539	cdg-3539:true	1997-07-19	獅王傳說 cdg-3539 補完	704	**cdg-3539 劇場版動畫為同步企畫、非本作改編（`adaptation` 未填）**：同名劇場版《전사 라이안》1997-07-19 在韓國上映（韓文維基另列導演 임병석、製作 씨네드림、發行 영구아트무비、片長 79 分）。나무위키明載本作「처음부터 게임과 동시에 기획된 미디어 믹스 영상물」（自始即與遊
SOURCE	cdg-1956	cdg-1956:true	1997-10-30	第三地球 cdg-1956 補完	708	**cdg-1956 前手未查證欄位的複核結論（KR／韓文原名皆成立）**：`developer_region: KR` 有三源獨立佐證——HG101 韓國遊戲史的 Makkoya 公司頁（逐字「막고야 Makkoya / Founded: January 1992 / Key People: 洪東熙 홍동희 Hong
SOURCE	cdg-1956|cdg-1068	cdg-1956:true,cdg-1068:true		第三地球 cdg-1956 補完	709	**cdg-1956 台灣代理「富峰群」vs「智冠」分歧，取富峰群、智冠說下 footnote**：`publisher_tw: [富峰群]` 維持原值。佐證＝chiuinan 介紹頁＋**omega 藏家實體包裝著錄**（該帖主持有二手書盒，自填規格欄逐字「代理廠商 富峰群(遊戲橘子)／上市日期 1998/09／售價
SOURCE	cdg-1956	cdg-1956:true		第三地球 cdg-1956 補完	710	**cdg-1956 台灣上市月份兩說（1998/09 vs 1998/05 前）、`year: 1998` 不受影響**：omega 帖主的規格欄記「上市日期 1998/09」，其光碟 ISO 內檔案時戳亦多為 1998/08/30–09/01（安裝檔 DATA1.CAB 1998/09/01），彼此一致；**但同帖
DECIDE	cdg-1956|cdg-3486|cdg-1068	cdg-1956:true,cdg-3486:true,cdg-1068:true	1997-10-30	第三地球 cdg-1956 補完	711	**cdg-1956 韓國原版年 1997 vs 1998 並存、與「代理款 year 記原版年或台灣年」的待裁決問題無關**：韓國側 1997 說（전자신문 1997-10-30「10월 우수게임」選定報導；omega 轉載對岸文案記「韓國版上市日期:1997年10月15日」）與 HG101 的「Windows (A
DECIDE	cdg-1956	cdg-1956:true		第三地球 cdg-1956 補完	712	**cdg-1956 `platform_note: Windows` 覆核通過、但本款屬非 DOS 款**：omega 實物規格「適用系統 Windows 95 / 98」＋HG101「Windows (April 1998)」＋chiuinan 介紹頁的執行建議（逐字「虛擬機+XP執行速度太快，難以操控」，建議「W
?	cdg-1956	cdg-1956:true		第三地球 cdg-1956 補完	713	**cdg-1956 主角譯名未寫入、Cain 未漢字化**：HG101 記主角為「A man named Lein」，omega 轉載的對岸文案則稱「主角**卡萊**」，兩者不符；**台灣繁中版的實際譯名查無**（chiuinan 介紹頁無人物名、本庫持有的三張 chiuinan 截圖未含人名畫面）。依 skill「
DECIDE	cdg-1956	cdg-1956:true		第三地球 cdg-1956 補完	714	**cdg-1956 staff、銷量、台灣側評測全數查無**：Makkoya 除社長 홍동희（洪東熙，HG101 附漢字）外，**本作製作人員名單查無**；依 staff 收錄範圍（外商作品一般開發人員不入、日韓歐美限知名人士），社長身分亦不構成本作 staff，故 `staff` 未填、公司沿革改於正文陳述。銷量、
?	cdg-1956	cdg-1956:true		第三地球 cdg-1956 補完	715	**cdg-1956 `title_aliases` 含 omega 帖流水號「G711-第三地球 CAIN IN THE 3RD EARTH」，建議另案清理**：該字串係 rwv@merge 由 omega 討論串標題（threadid=5008，原標題逐字「【原創】G711-第三地球 CAIN IN THE 3RD
?	cdg-1956|cdg-1068	cdg-1956:true,cdg-1068:true		第三地球 cdg-1956 補完	716	**cdg-1956 未建 Makkoya 公司頁、`/companies/富峰群` 靠 alias redirect**：Makkoya 為外國開發商，依 skill 正文以純文字帶過、未連 `/companies`，亦未建頁（惟 HG101 資料足夠，若日後開放外商頁可補：1992-01 創立、社長 홍동희、韓國第
?	cdg-2520|cdg-2940|cdg-2940|cdg-2940	cdg-2520:true,cdg-2940:true,cdg-2940:true,cdg-2940:true	1997-12-12	聖天使學園 cdg-2520 補完	720	**cdg-2520 developer「Family」→「Family Soft」已確證、與 cdg-2940/2941 為同一家**：chiuinan 列表把原廠記為簡稱「Family」，實為**株式会社ファミリーソフト（FamilySoft Co.,Ltd.）**，1987 年設立、本社東京都練馬區（日文維基）。
EDIT	cdg-2520|cdg-2820|cdg-1068|cdg-3486|cdg-1068|cdg-3539	cdg-2520:true,cdg-2820:true,cdg-1068:true,cdg-3486:true,cdg-1068:true,cdg-3539:true		聖天使學園 cdg-2520 補完	721	**cdg-2520 year 1999 ＝台灣中文化年、原版 1997（chiuinan 本頁未混記）**：chiuinan 介紹頁逐字「原廠 Family／**出品年份 1997年**／**1999年由富峰群中文化，委由智冠發行**」，兩年分列清楚、**未犯把台灣代理年當原廠出品年的錯**；惟 chiuinan *
EDIT	cdg-2520|cdg-0191	cdg-2520:true,cdg-0191:true		聖天使學園 cdg-2520 補完	722	**cdg-2520 genre AVG → LSG 訂正依據**：**Family Soft 官方產品頁自標類型為「マルチイベント式／生活シミュレーションアドベンチャー」**（多重事件式／生活模擬冒險），文案逐字「女子校生活三年間をアドベンチャー型式で完全シミュレート」；chiuinan 介紹頁記「故事閱讀遊戲，兼具
CLOSE	cdg-2520|cdg-1068	cdg-2520:true,cdg-1068:true		聖天使學園 cdg-2520 補完	723	**cdg-2520 台灣代理富峰群確認、但僅 chiuinan 單一來源**：chiuinan 介紹頁明載「1999年由富峰群中文化，委由智冠發行」，與使用者參考清單標記的【富峰群】一致，`publisher_tw: [富峰群, 智冠]` 維持原值。⚠ 惟**台灣側查無第二來源**——中文搜尋僅得 1990 年代末拍
?	cdg-2520	cdg-2520:true		聖天使學園 cdg-2520 補完	724	**cdg-2520 adult 未標（Family Soft 自家 ≠ 成人向，成人線由關係企業アップルパイ經營）**：日系學園 galge 常見 18 禁版，但本作**查無任何 18 禁佐證**：日文維基「ファミリーソフト」條逐字記「系列会社として、**アダルトゲーム**メーカーの**アップルパイ**がある」——即
CLOSE	cdg-2520	cdg-2520:true		聖天使學園 cdg-2520 補完	725	**cdg-2520 日／台版片數差異已考據，`size: 2CD` 正確**：Family Soft 官網沿革頁逐字「３．１４ぱらＰＡＲ∀パラダイス（FM-TOWNS）**ＣＤ３枚**」「８．２８ぱらＰＡＲ∀パラダイス（windows95）**ＣＤ２枚**」，即 FM TOWNS 版三片、Windows 版兩片；ch
?	cdg-2520|cdg-3539	cdg-2520:true,cdg-3539:true		聖天使學園 cdg-2520 補完	726	**cdg-2520 platform_note 維持 `Windows`（未細分 Win9x）**：日方官方產品頁記需求為「Windows'95日本語版が動作する環境」，但**台灣中文版的系統需求查無**（chiuinan 僅記「Windows」），無法確認繁中版是否同為 Win95 專用，故未比照 cdg-3539
?	cdg-2520	cdg-2520:true		聖天使學園 cdg-2520 補完	727	**cdg-2520 標題「聖天使學園」的由來未考證、中文版人物譯名查無**：中文譯名與日文原名《ぱらPAR∀パラダイス》全然不同，**推測「聖天使學園」為遊戲中女子高中的校名**，惟無任何來源可證，正文未寫入此推測。主角日方 credit 作假名「あかね」，**中文版官方譯名查無**（chiuinan 介紹頁無人物名
DECIDE	cdg-2520|cdg-0191|cdg-0191	cdg-2520:true,cdg-0191:true,cdg-0191:true		聖天使學園 cdg-2520 補完	728	**cdg-2520 staff 僅收竹本泉、其餘製作人員查無**：日文維基「竹本泉」條的ゲーム節逐字列「ぱらPAR∀パラダイス（FM TOWNS、Windows）」，可證其角色設計身分（依 staff 收錄範圍③「日本知名人士」收錄，role 比照 cdg-0191 竹井正樹用「角色設計」）。**程式／音樂／劇本等一
?	cdg-2520	cdg-2520:true		聖天使學園 cdg-2520 補完	729	**cdg-2520 未取得的來源／查無項**：MobyGames、murauchi.com、suruga-ya.jp、aucfan 皆回 403／429 未取得；日文維基**無本作獨立條目**；竹本泉 fan blog（takemotoizumi.mangalog.com）的「ぱらPARAパラダイス（PC版）」頁回 
?	cdg-2940	cdg-2940:true	1997-12-12	聖天使學園 cdg-2520 補完	730	**cdg-2940 初戀 補完（`published: false → true`）**：frontmatter 訂正——`developer_region` null → **JP**、`slug` null → **hatsukoi-valentine**、補 alias `初恋ばれんたいん`／`Hatsukoi
EDIT	cdg-2940|cdg-2520|cdg-1068|cdg-3539	cdg-2940:true,cdg-2520:true,cdg-1068:true,cdg-3539:true		聖天使學園 cdg-2520 補完	731	**cdg-2940 year 1999 ＝台灣中文化年、日版原版 1997**：比照 cdg-2520／cdg-1068／cdg-3539 既有慣例記台灣發行年，原版 1997 寫進正文。⚠ 同屬「**代理款 year 究竟記原版年或台灣發行年**」待裁決問題；若裁決改記原版年，本款應改 **1997**。
?	cdg-2940|cdg-0145	cdg-2940:true,cdg-0145:true		聖天使學園 cdg-2520 補完	732	**cdg-2940 `title_aliases` 的 `G1058-初戀` 經查為 Omega 數位典藏碼、非 chiuinan 貨號，故保留**：庫內 **208 款**遊戲帶此形式 alias、其中多款已 published（cdg-0145 更把 cited label 寫成「Omega 數位典藏：G1070
EDIT	cdg-2940|cdg-2941|cdg-2940|cdg-2941|cdg-2941	cdg-2940:true,cdg-2941:true,cdg-2940:true,cdg-2941:true,cdg-2941:true		聖天使學園 cdg-2520 補完	733	**cdg-2940 `series` 維持 null、未建系列頁（決策待複核）**：Family Soft 官方文宣與沿革**均無系列標示**，日文維基亦把《初恋ばれんたいん》(1997) 與《初恋ばれんたいんスペシャル》(1998) 並列於「自社作品」之下、**無系列標題**；且姊妹作性質為**同一款的加強版**（
?	cdg-2940|cdg-2941|cdg-2941	cdg-2940:true,cdg-2941:true,cdg-2941:true	1999-07-16	聖天使學園 cdg-2520 補完	734	**cdg-2940／cdg-2941 姊妹作對應關係：`初戀之白色情人節` ≒ `初恋ばれんたいん スペシャル`（強but未逐字證實）**：日本**查無**任何「初恋ほわいとでー／ホワイトデー」標題（官網沿革全表無此項、搜尋無命中）→「白色情人節」係**台灣行銷改名**。對應關係佐證：①chiuinan flsp 頁
DECIDE	cdg-2940	cdg-2940:true		聖天使學園 cdg-2520 補完	735	**cdg-2940 角色設計者衝突未採、staff 留空**：兩種寫法並存 **八原よしかず** vs **羽原よしかづ**，無可靠來源可裁決（ゲームスタッフwiki 該頁 EUC-JP 亂碼無法取用）；已出版畫集『初恋ばれんたいん イラスト＆イベントデータ集』（ISBN 4881993828）可望裁決，待覆核。依 
?	cdg-2940|cdg-2520	cdg-2940:true,cdg-2520:true	2006-06-13	聖天使學園 cdg-2520 補完	736	**cdg-2940 `adult` 未標（有反面實證）**：DMM GAMES 復刻版（2006-06-13，dlsoft.dmm.com/detail/iapplep_0001/）標示 **全年齢**、brand ファミリーソフト；日文維基載 Family Soft 成人線切給關係企業 **アップルパイ**、本社自
SOURCE	cdg-2940|cdg-2520	cdg-2940:true,cdg-2520:true	1998-10-09	聖天使學園 cdg-2520 補完	737	**cdg-2940 玩法數值面僅單源、未寫入正文**：日文維基／資料站提及「情書投鞋櫃」「對立參數（拉高一項則對應項下降）」「金錢系統」「事件僅在週六依固定行程發生」等機制，**均為單一來源**故正文未採；`genre: LSG` 維持原值，佐證為 chiuinan 逐字「戀愛養成遊戲」＋官方文案「キミの未来をシミュ
?	cdg-2940|cdg-2520	cdg-2940:true,cdg-2520:true		聖天使學園 cdg-2520 補完	738	**cdg-2940 未取得／查無項**：僅 1997 年份的品項有獨立官方產品頁（CDX 列舉確認只有 `his/1997/{para,exc,mad,hatu,parawin}.html`），**スペシャル與 Windows 版皆無官方產品頁**；Windows 版的價格、型號、系統需求查無。**台灣側**的中文版
EDIT	cdg-2941|cdg-2940|cdg-2039|cdg-5143|cdg-0554|cdg-5128|cdg-5128|cdg-2940|cdg-2940|cdg-2941	cdg-2941:true,cdg-2940:true,cdg-2039:true,cdg-5143:true,cdg-0554:false,cdg-5128:true,cdg-5128:true,cdg-2940:true,cdg-2940:true,cdg-2941:true		聖天使學園 cdg-2520 補完	739	**cdg-2941 `series` 主線裁決為 null（撤回 subagent 所設「初戀」）**：補完 agent 單方設 `series: 初戀` 並要求 cdg-2940 同步，主線收斂為兩款一併 null。理由：①庫內「原版＋加強版／重製版」配對先例一律 null（cdg-2039 紅樓夢之十二金釵 ↔ 
SOURCE	cdg-2382	cdg-2382:true		聖天使學園 cdg-2520 補完	740	**cdg-2382 明星之夢 `adult` 未標、證據互相矛盾待查**：refuge.tokyo 的 PC-98 頁掛 NSFW 警告，惟疑為該站**全站通用**成人內容 banner、非本作分級；反證＝PC Watch 1997 冬カタログ規格未載年齡制限、日文維基未標 18禁、且原作移植 PS／Saturn（主
SOURCE	cdg-2382	cdg-2382:true		聖天使學園 cdg-2520 補完	741	**cdg-2382 `license_status: official` 屬推斷、非文件佐證**：依 chiuinan 逐字「由富峰群**中文化並**代理發行」推斷（自行中文化須取得原廠授權），為本條目較弱的一項。另 `developer` 維持 SunSoft：日文維基記**開発＝ゼロシステム、発売元＝サンソフト*
SOURCE	cdg-2541	cdg-2541:true	1999-01-11	聖天使學園 cdg-2520 補完	742	**cdg-2541 聖靈騎士 遊戲橘子代理身分無一手佐證**：僅 chiuinan＋kudgame 兩個同好來源；巴哈姆特該頁「代理廠商」欄**空白**、遊戲橘子官方沿革亦無此作。`publisher_tw` 沿用 catalog 原值未動，正文靠 general ref 支撐。另 `adaptation` 未填——
SOURCE	cdg-2962	cdg-2962:true		聖天使學園 cdg-2520 補完	743	**cdg-2962 創世神話 developer 名稱三說並陳、未挑一方**：`Samson Interactive`（egloos）vs `Samson Core`（HG101）vs `韓國Samson`（chiuinan），frontmatter 保守維持 `Samson`、正文中性並陳各標來源。另「1996 年
DECIDE	cdg-0157|cdg-0158	cdg-0157:true,cdg-0158:true		聖天使學園 cdg-2520 補完	744	**cdg-0157／cdg-0158 七年戰爭 `publisher_tw` 移除「三星電子」（已訂正，記錄病因）**：三星電子為**韓國原版發行商**，schema.md 定義 `publisher_tw` ＝台灣發行/代理商且明文「原廠發行不入 catalog」。病因＝pipeline 把 chiuinan `v
DECIDE	cdg-0157|cdg-0158|cdg-1068|cdg-3486|cdg-2940|cdg-0173|cdg-0752	cdg-0157:true,cdg-0158:true,cdg-1068:true,cdg-3486:true,cdg-2940:true,cdg-0173:true,cdg-0752:true		聖天使學園 cdg-2520 補完	745	**cdg-0157／cdg-0158 year 語意連動**：兩款 `year` 皆為台灣發行年（1998／2001），原版年為 1997／2000-01，已寫進正文與 footnote。⚠ 併入既有「**代理款 year 記原版年或台灣年**」待裁決問題（cdg-1068／cdg-3486／cdg-2940 同）；
SOURCE	cdg-0158	cdg-0158:true		聖天使學園 cdg-2520 補完	746	**cdg-0158 「英雄戰爭」別名存疑、已保留但正文不背書**：영웅전쟁 經查為**首作 1998-01 的增補版**（僅朝鮮/日本兩勢力，無明朝），對不上本作（三勢力、23 關），疑為 chiuinan 誤植。因有來源且助搜尋故保留於 `title_aliases`，正文以 footnote 中性說明兩者為不同產
?	cdg-0158	cdg-0158:true		聖天使學園 cdg-2520 補完	747	**cdg-0158 台灣側一手報導查無**：遊戲橘子 2001 年發行的 GNN／遊戲基地／PTT 報導**全數查無**，台灣發行證據僅 chiuinan＋巴哈「決戰王朝 哈啦板」(bsn=2170)。仍發佈，因原作身分與內容已由多個韓/英文源交叉確認。
SOURCE	cdg-0524|cdg-3823	cdg-0524:true,cdg-3823:true		聖天使學園 cdg-2520 補完	748	**cdg-0524 小秘書Lina `adult` 未標（研究 agent 誤報已擋下）**：agent 兩度回報 kudgame 該文帶「１８禁」標籤，補完 agent 自行驗證後**推翻**——該字串出自 blogspot **全站側欄標籤雲**（`１８禁 (92)`，每頁皆有），該文自身標籤僅 `ＣＧ`／`ＰＣ
SOURCE	cdg-0524	cdg-0524:true		聖天使學園 cdg-2520 補完	749	**cdg-0524 未證實項**：台灣定價／發行月份、中文版是否刪修、Visual Lab 成立年與所在地、SCD2273 出處（chiuinan 介紹頁本身無此碼、來自列表索引）皆查無。日方 Visual Lab 於 1999 年底倒閉，續作與畫集未問世。
?	cdg-3823|cdg-3824	cdg-3823:true,cdg-3824:true		聖天使學園 cdg-2520 補完	750	**cdg-3823／cdg-3824 龍機傳承 slug 由主線對齊為 `ryuuki-denshou-*`**：兩 agent 各自羅馬化造成不一致（`ryuuki-denshou-dragoon` vs `ryuki-denshou-2`），主線統一取 1 代寫法（該寫法有 Internet Archive／Gl
DECIDE	cdg-3823|cdg-3824|cdg-3823|cdg-3825|cdg-3825	cdg-3823:true,cdg-3824:true,cdg-3823:true,cdg-3825:true,cdg-3825:true		聖天使學園 cdg-2520 補完	751	**cdg-3823／cdg-3824 `series` 留 null，待三款齊備後統一處理**：龍機傳承本庫共三款（cdg-3823／3824／cdg-3825 在 B14），主線裁決先不單方補值。⚠ 本傳三款構成**真系列**，與《初戀》那種「本作＋加強版」不同，**應比照《工人物語》建 `content/seri
SOURCE	cdg-3824	cdg-3824:true		聖天使學園 cdg-2520 補完	752	**cdg-3824 研究 agent 捏造 zh-wiki 內容、已擋下**：agent 回報「zh-wiki 2代 infobox 記台灣代理商富峰群資訊」「2代英文副標 Dragoon2 - in The Episode of Holy Sorceress -」「zh-wiki 2代內文描述 SLG 戰棋地圖」，
?	cdg-3824	cdg-3824:true		聖天使學園 cdg-2520 補完	753	**cdg-3824 回報的 `scripts/validate_content.mjs` PLATFORM_TOKENS bug 不存在（主線實查否決）**：agent 稱 `Win9x` 被誤替換成 `"n"`；主線實查第 49 行為 `new Set(["DOS","DOS/V","Apple II","Win3
SOURCE	cdg-3823|cdg-3824	cdg-3823:true,cdg-3824:true		聖天使學園 cdg-2520 補完	754	**cdg-3823 platform_note 維持 `Windows`、cdg-3824 為 `Win9x`（兩款不一致、可覆核）**：2 代原版 1997-06 為 Windows 95 光碟版故訂正為 Win9x；1 代台版 1998 對應日版《竜機伝承プラス》(1997-03 Windows) 但無來源明指世
?	cdg-3278	cdg-3278:true	1997-04-25	聖天使學園 cdg-2520 補完	755	**⚠ 使用者清單「無人島物語R ＝18禁」經三源查證推翻（cdg-3278 未標 adult）**：ja.wp wikitext 中 `=== 無人島物語R ===`（L68–77）與 `=== 無人島物語X ===`（L78–91）為**並列章節**，成人向原句在 L79、主詞是 X：「『R』の路線を**推し進めて
SOURCE	cdg-3278	cdg-3278:true		聖天使學園 cdg-2520 補完	756	**cdg-3278 排除的兩個 adult 偽證（方法論記錄）**：①ja.wp 把 `CERO：Z` 掛在 1998 年 SS 版《R 愛ランド》上——**維基自身的錯誤**（CERO 2002 才成立、Z 級 2006 才設，其 ref 卻是 1998 年《ファミ通》），且該作為台灣未發行的 SS 版、與本條目無
CLOSE	cdg-3279|cdg-3278	cdg-3279:true,cdg-3278:true		聖天使學園 cdg-2520 補完	757	**cdg-3279 正文過度斷言已訂正（主線修正）**：原寫「官方將其定位為『生存生活模擬』」，經 cdg-3278 agent 查 wikitext 證實**無來源使用該詞組**——ja.wp infobox 實為 `ジャンル = シミュレーションゲーム`，「サバイバルライフ」僅為描述用**述語、非類型標籤**。已
SOURCE	cdg-3279	cdg-3279:true	1998-05-28	聖天使學園 cdg-2520 補完	758	**cdg-3279 發行日兩說未決**：ja.wp 1999-04-23 vs 無人島物語 Wiki\*／zh.wp 1999-05-28（後者疑與 Saturn 版《R 〜ふたりのラブラブ愛ランド〜》1998-05-28 混淆）。正文只寫「1999 年」，未採任一日期。
SOURCE	cdg-3277	cdg-3277:true	1997-11-07	聖天使學園 cdg-2520 補完	759	**cdg-3277 正文收錄台灣遊戲史刑案、寫法採保守處置（請複核）**：1996-05 松崗與華義國際爭奪《無人島物語》代理權，據調查局台北市調查處指出，華義總經理涉嫌教唆部屬持槍至松崗總部恐嚇其軟體部經理、松崗事後放棄代理權；1997-11-06 台北地檢署偵辦大補帖案時將華義總經理及部屬約談到案。**主線已實開
SOURCE	cdg-3277	cdg-3277:true	1999-10-28	聖天使學園 cdg-2520 補完	760	**cdg-3277 其他考據**：本作＝1994 PC-9801 初代的**重製**（島嶼地圖與人物以初代為本、角色設計佐藤茂夫、事件畫面全 256 色、操作由指令輸入改滑鼠點選、沿用 3 代關卡制；底本為《電撃王》通巻78号 p.126）；PS 版《漂流記 The reportage beyond the sea》
?	cdg-3825	cdg-3825:true		聖天使學園 cdg-2520 補完	761	**cdg-3825 龍機傳承3 未寫入項**：本作自身玩法／系統細節、台版光碟系統需求查無（ja.wp 第三作段落僅發售資訊＋角色表），正文不臆造；**駿河屋雖可佐證 Win9x 但被 Cloudflare 擋**、無法確認真實頁面標題，依「連結文字須用實際頁面標題」規範捨棄不引，平台改動單由 ja.wikipedi
?	cdg-0923|cdg-5150|cdg-5150	cdg-0923:true,cdg-5150:true,cdg-5150:true	2001-09-14	聖天使學園 cdg-2520 補完	762	**cdg-0923 古神之印：Elder Blaze／Master Blaze「同系列」不成立，推翻 triage 對 cdg-5150 的假定**：兩作確為同一開發商（日本クリエイト；ja.wp 代表製品清單 Windows 欄同列），但**無任何來源稱兩者為系列**，玩法亦不同（本作固定劇情騎士 RPG vs マ
?	cdg-0923	cdg-0923:true		聖天使學園 cdg-2520 補完	763	**cdg-0923 未寫入項**：「業訊」全名查無（業訊科技／資訊／多媒體／國際 全數無登記或報導；3DM 的「国内业讯国际代理发行」可斷句為「業訊國際」或「業訊　國際代理發行」，兩解皆通）→ **維持「業訊」原樣未擴寫**。ja.wp 創辦人名兩源歧異（板倉由次／板倉義嗣），正文改寫為「原 Crystal Soft
?	cdg-1440|cdg-1440|cdg-1441|cdg-5150|cdg-5146|cdg-5147	cdg-1440:true,cdg-1440:true,cdg-1441:true,cdg-5150:true,cdg-5146:true,cdg-5147:false		聖天使學園 cdg-2520 補完	765	**⚠ agent 誤報累計 4→8 起（B15/B16 新增，方法論）**：⑤cdg-1440「本作改編自 Michael Moorcock《Corum》小說」——namu「코룸」是**동음이의어（同音異義）頁**（§1 韓國 ARPG／§2 Moorcock 角色），摘要器把兩節硬併；⑥cdg-1440「韓國銷量 
?	cdg-5148|cdg-0524|cdg-3278	cdg-5148:true,cdg-0524:true,cdg-3278:true		聖天使學園 cdg-2520 補完	766	**⚠ 「側欄標籤雲被誤認為單款分級」已成慣犯陷阱（第 3 起，附可複製的破解法）**：cdg-5148 補完 agent 以 **byte-offset 定位**證明：kudgame 該頁全文「１８禁」僅出現一次、位於 idx 93677 的**側欄標籤雲**（92 篇），距本作分類（idx 71849：`ＣＧ／ＰＣ
DECIDE	cdg-5128|cdg-2351	cdg-5128:true,cdg-2351:true		聖天使學園 cdg-2520 補完	767	**`content/series/龍機傳承.md` 已建、三款補 series（B14 完成）**：比照《工人物語》處理本傳三款真系列。⚠ 順帶發現：**`content/series/工人物語.md` 其實不存在**，但 cdg-5128/5129 掛著 `series: 工人物語`——庫內「有 series 值但
SOURCE	cdg-1068	cdg-1068:true		聖天使學園 cdg-2520 補完	768	**科隆戰記 `publisher_tw: [富峰群, 智冠]` 雙掛查證結案＝正確、非污染（三 agent 獨立同向）**：與 B13《七年戰爭》的 vendor_raw 病灶**不同型**，主線原先的懷疑方向錯誤，記此以免日後重查。證據：①chiuinan 1/2 代逐字「1998年由**富峰群代理並中文化，交由智
?	-	(無id)	1999-11-11	聖天使學園 cdg-2520 補完	769	**科隆戰記代理易主（1/2 代富峰群·智冠 → 3 代/外傳華義）＝真實易主，非更名假象**：若為富峰群 1999-11-11 更名遊戲橘子所致，廠商名應顯示遊戲橘子而非華義。證據到實體層級：3 代更新檔安裝路徑 `C:\Program Files\華義國際\科隆戰記3\Data\Map`、Omega G868 記「
?	cdg-1439|cdg-1442	cdg-1439:true,cdg-1442:true		聖天使學園 cdg-2520 補完	770	**科隆戰記本傳 genre RPG→ARPG 訂正（cdg-1439/1440/1441）**：三源一致——HG101 Quick Info `Genre: Action-RPG`、namu 分類 `액션 RPG`／原文「국산 액션 RPG 시리즈」、chiuinan「採單人／團隊**即時**方式戰鬥」（操作鍵 X=
?	cdg-1440	cdg-1440:true		聖天使學園 cdg-2520 補完	771	**cdg-1440「闇黑帝降臨」用字維持「闇」**：兩個台灣端來源皆作「闇」，其中 Omega 為**實體包裝著錄**（`中文名稱 科隆戰記2-闇黑帝降臨`）；使用者清單的「暗」查無佐證、判為筆誤，**未收為 alias**。
DECIDE	cdg-1442|cdg-1441	cdg-1442:true,cdg-1441:true		聖天使學園 cdg-2520 補完	772	**⚠ cdg-1442 外傳 developer 可能非 Hicom（待查）**：Omega G1202 記作 **eSofnet．華義**，gamemeca 指外傳是「와이즈 하이콤」首作；cdg-1441/1442 現值皆為 `Hicom`。時序上外傳韓版 1999-12 正值 Hicom 更名 eSofnet 
SOURCE	cdg-1439|cdg-1440	cdg-1439:true,cdg-1440:true		聖天使學園 cdg-2520 補完	773	**⚠ cdg-1439 標題去序號提議（未採，記錄理由）**：agent 指 Omega 實體包裝作「**科隆戰記 受咒之地**」（無「1」），依 skill〈系列初代標題不帶序號〉應正名。**主線未採**：系列首作帶序號屬**全庫未正規化課題**（櫻花大戰1、劍俠情緣2、龍機傳承1、七年戰爭1 等同型），單批處理會
DECIDE	cdg-1439|cdg-1440	cdg-1439:true,cdg-1440:true		聖天使學園 cdg-2520 補完	774	**cdg-1439 year 語意（併入既有待裁決）**：原版 1997-04（強證：HG101＋namu 章節標題一致，且與既有 slug `corum-jeoju-badeun-ttang` 吻合）vs 現值 `year: 1998`（台灣發行年，1998-06 上市 NT$740）。⚠ 本系列內部基準亦不一：c
?	cdg-1440|cdg-1441	cdg-1440:true,cdg-1441:true		聖天使學園 cdg-2520 補完	775	**⚠ cdg-1440 排除的一起摘要器幻覺（方法論）**：搜尋摘要稱「本作改編自 Michael Moorcock 的《Corum》小說」——回查原始 HTML 發現 namu「코룸」是**동음이의어（同音異義）頁**：§1 是韓國 ARPG 系列、§2 是 Moorcock 筆下角色，兩者無關，摘要器把兩節硬併。
SOURCE	cdg-1602|cdg-1601|cdg-4524|cdg-1603|cdg-2383	cdg-1602:true,cdg-1601:true,cdg-4524:true,cdg-1603:缺檔,cdg-2383:缺檔		聖天使學園 cdg-2520 補完	776	**cdg-1602 便利商店2：genre LSG→CMS 訂正，並發現同型誤植兩筆待修**：一手來源＝遊戲橘子官網 GAMA STORE 產品頁 Wayback 存檔（agent curl+iconv big5 逐格驗證）逐字「產品名稱：便利商店二／研發公司：遊戲橘子／**發行公司：遊戲橘子**／上市日期：**20
SOURCE	cdg-1602	cdg-1602:true	2000-11-28	聖天使學園 cdg-2520 補完	777	**cdg-1602 上市日兩說**：官網存檔 **2000-11-11** vs 巴哈姆特 ACG(s=1955) **2000-11-28**，正文中性並陳各標 cite。⚠ agent 附帶觀察：11-11 正是富峰群更名遊戲橘子的週年日、官方可能取其象徵性，但屬推測、未寫入。另未寫入項：本作銷量查無（巴哈「台灣
?	cdg-1802|cdg-1804|cdg-0157|cdg-1440	cdg-1802:true,cdg-1804:true,cdg-0157:true,cdg-1440:true		聖天使學園 cdg-2520 補完	778	**既有問題（非 B15 造成）：cdg-1802/cdg-1804 戀愛物語 1/2 代有重複連結**：`npm run check:duplicate-links` 報同一 ja.wikipedia URL（エーベルージュ）同時列於 `references.cited.ja-wikipedia` 與 `extern
?	-	(無id)		聖天使學園 cdg-2520 補完	779	**`content/series/科隆戰記.md` 已建、四款補 series（B15 完成）**：本傳三作＋戰棋外傳構成真系列，比照龍機傳承／工人物語處理。
?	cdg-5146|cdg-5147|cdg-5148	cdg-5146:true,cdg-5147:false,cdg-5148:true		聖天使學園 cdg-2520 補完	780	**⚠ 「循環證據」紅旗（B16 新識別的系統性問題）**：`raw/kudgame-list.txt` 的內容抄自 **kudgame 部落格〈ＰＣ遊戲列表〉**（http://kudgame.blogspot.com/2014/07/pcgamelist.html ）。因此當研究 agent 引用該部落格頁「佐證」
EDIT	cdg-5146|cdg-5121	cdg-5146:true,cdg-5121:false		聖天使學園 cdg-2520 補完	781	**cdg-5146 FBI全民公敵：`publisher_tw: 富峰群` 為循環證據＋有反向脈絡證據（主線裁決保留、待複核）**：①唯一來源是 kudgame 部落格（＝清單出處本身，見上條）、該頁不引任何依據；②三則 1999 年 Usenet 販售帖（tw.bbs.rec.pcgame、tw.bbs.rec.v
SOURCE	cdg-5148|cdg-5146	cdg-5148:true,cdg-5146:true		聖天使學園 cdg-2520 補完	782	**cdg-5148 時空戀人：`publisher_tw: 富峰群` 同屬單一來源（循環，見上）、且已 published: true**：主線判 published 的理由＝正文每句有據（來源＝kudgame **評測頁**，作者持**實體中文版說明書**為第一手，含 38 張實機截圖），`published: f
SOURCE	cdg-5150|cdg-0923	cdg-5150:true,cdg-0923:true	2001-03-29	聖天使學園 cdg-2520 補完	783	**cdg-5150 烈焰奇兵：年份考據修正（推翻前批假定）**：前批（cdg-0923 條）記「マスターブレイズ ＝ 2001-09-14／メディアカイト 發售」，**有誤**——那是 **ULTRA2000 廉價版**（mimora 原文明寫「今回プレイしたのは『ULTRA2000シリーズ』という**廉価版**」）
SOURCE	cdg-0923|cdg-5150	cdg-0923:true,cdg-5150:true		聖天使學園 cdg-2520 補完	784	**Elder Blaze／Master Blaze 關係定案（cdg-0923／cdg-5150 均 series: null）**：mimora 原文（B16 覆核所得，見上）逐字為「**前身**となる作品…ただし、**シリーズではなく、全く別の内容**」，且屬 hearsay 語氣（「そうです」「とのこと」）；V
SOURCE	cdg-3371|cdg-3372	cdg-3371:true,cdg-3372:true	2026-07-16	聖天使學園 cdg-2520 補完	785	**cdg-3371《戰國策》year 1992 vs 1993 兩說**（2026-07-16，B19 附帶發現）：庫內記 `year: 1992`（developer 富進），但中文維基〈戰國策系列〉將首作繫於 **1993**。B19 補完 cdg-3372 時未擅動前作、亦未在正文為首作斷年（原正文「大宇資訊於
DECIDE	cdg-4882	cdg-4882:true	2001-01-15	聖天使學園 cdg-2520 補完	786	**cdg-4882《GOGO美食王》上市日兩說**（2026-07-16）：官方 gogoweb introduce.htm 逐字 `上市日期：2000年2月初`（2001-02 與 2001-12 兩次快照一致）vs 巴哈 s=2223 `台灣發售：2001-01-15`。現取 `year: 2001`（巴哈具體到
SOURCE	cdg-3372	cdg-3372:true	2026-07-16	聖天使學園 cdg-2520 補完	787	**cdg-3372《戰國策2》platform_note 世代不明**（2026-07-16）：來源分歧——GAMA STORE 24.htm 規格表 `作業系統：win95/98` vs 官方 story 頁內文「能啟動windows98/2000中文版的環境」（主線覆驗兩者皆逐字屬實）。現維持 `Windows`
SOURCE	cdg-4391	cdg-4391:true	2026-07-16	聖天使學園 cdg-2520 補完	788	**cdg-4391《斷劍傳說：聖戒風雲》year 1999 vs 2000＋genre RPG vs RSLG**（2026-07-16，game-entry 補完）：Omega thread 5827 記詳細發行資訊 `2000年6月20日、NT$2,099、3CD、Windows`，據此填 `year: 2000
DECIDE	cdg-0302|cdg-0302	cdg-0302:true,cdg-0302:true	2026-07-16	聖天使學園 cdg-2520 補完	789	**cdg-0302《中國象棋》發行商「普威爾」待考**（2026-07-16，F1 補完）：kudgame 清單標【普威爾】，惟 chiuinan ccchess 頁記為吳身潤自行發佈之共享軟體（註冊費 NT$50），未指名商業發行商；web 搜尋亦查無普威爾（Prowin）代理此款之佐證。現 `publisher_
SOURCE	cdg-0251|cdg-0323|cdg-0349|cdg-1153|cdg-1069|cdg-1256|cdg-1257	cdg-0251:缺檔,cdg-0323:缺檔,cdg-0349:缺檔,cdg-1153:缺檔,cdg-1069:缺檔,cdg-1256:缺檔,cdg-1257:缺檔	2026-07-21	收錄範圍待決：伊世紀 Windows 作與同名系列疑義	863	伊世紀的 Windows 作（cdg-0251 三國象棋皇、cdg-0323 中華象棋、cdg-0349 五子爆笑棋、cdg-1153 決戰女優撲克）— 該廠 2002 年仍在產 DOS 遊戲（cdg-1069 女優火車頭、cdg-1256 清涼空當接龍、cdg-1257 清涼美眉撲克，`platform_note: 
DECIDE	cdg-1065|cdg-1066	cdg-1065:false,cdg-1066:false	2026-07-21	收錄範圍待決：伊世紀 Windows 作與同名系列疑義	864	cdg-1065 圓桌武士：紅龍騎士傳說（Cryo, 2001）— catalog 有 cdg-1066／1067 圓桌武士1／2（1990/91, DOS），但開發商不同，可能僅譯名撞名而非系列續作，未查證。暫予保留（2026-07-21）
SOURCE	cdg-1173|cdg-1174	cdg-1173:false,cdg-1174:true	2026-07-21	收錄範圍待決：伊世紀 Windows 作與同名系列疑義	865	cdg-1173 沙丘王子復仇記（Widescreen, 2003）— catalog 有 cdg-1174／1175 沙丘魔堡1／2（1992, DOS），同上，系列關係未查證。暫予保留（2026-07-21）
